{ 


      "Pre Amp": {
        "type": "OcaBlock",
        "description": "Settings for Attenuation",
        "show_label": false,
        "layout": { "sticky": "ew" },
        "fields": {
          
      "preamp_on": {
        "label_active": "Preamp",
        "label_inactive": "Preamp",
        "type": "_GuiButtonToggle",
        "AES70": "OcaBooleanActuator",
        "handler": "toggle_preamp",
        "yak_handler": {
          "enable": true,
          "yak_type": "set",
          "sub_path": "Amplitude",
          "command": "Set_Power_Gain",
          "input_name": "state_bool",
          "converter": "bool_to_int"
        },
        "layout": { "height": 50, "width": 200, "sticky": "ew", "font": 15 },
        "options": {
          "ON": {
            "label_active": "Preamp ON",
            "label_inactive": "Preamp ON",
            "selected": false
          },
          "OFF": {
            "label_active": "Preamp OFF",
            "label_inactive": "Preamp OFF",
            "selected": true
          }
        }
      },
      "high_sensitivity_on": {
        "type": "_GuiButtonToggle",
        "AES70": "OcaBooleanActuator",
        "handler": "toggle_high_sensitivity",
        "yak_handler": {
          "enable": true,
          "yak_type": "set",
          "sub_path": "Amplitude",
          "command": "Set_High_Sensitivity",
          "input_name": "state_bool",
          "converter": "bool_to_int"
        },
        "layout": { "height": 50, "width": 200, "sticky": "ew","font":15 },
        "options": {
          "ON": {
            "label_active": "High Sensitivity ON",
            "label_inactive": "High Sensitivity ON",
            "selected": false
          },
          "OFF": {
            "label_active": "High Sensitivity OFF",
            "label_inactive": "High Sensitivity OFF",
            "selected": true
          }
        }
      }
    }
  },
  
      "Reference Level": {
        "type": "OcaBlock",
        "label": "Reference Level",
        "show_label": false,
        "description": "Settings for Reference Level",
        "layout": { "sticky": "ew" },
        "fields": {
            "break_reffLeve": {
        "type": "OcaBreakLine"
      },
          "REFERENCE_LEVEL_dropdown": {
            "type": "_GuiDropDownOption",
            "AES70": "OcaSwitch",
            "label" : "Reference Level",
            "handler": "set_reference_level",
            "yak_handler": {
              "enable": true,
              "yak_type": "set",
              "sub_path": "Amplitude",
              "command": "Set_Reference_Level",
              "input_name": "dbm_value",
              "converter": "float"
            },
            "layout": { "height": 30, "sticky": "ew" },
            "options": {
              "1": {
                "label_active": "-125 dB",
                "label_inactive": "-125 dB",
                "value": "-125",
                "units": "dB",
                "selected": false
              },
              "2": {
                "label_active": "-120 dB",
                "label_inactive": "-120 dB",
                "value": "-120",
                "units": "dB",
                "selected": false
              },
              "3": {
                "label_active": "-115 dB",
                "label_inactive": "-115 dB",
                "value": "-115",
                "units": "dB",
                "selected": false
              },
              "4": {
                "label_active": "-110 dB",
                "label_inactive": "-110 dB",
                "value": "-110",
                "units": "dB",
                "selected": false
              },
              "5": {
                "label_active": "-105 dB",
                "label_inactive": "-105 dB",
                "value": "-105",
                "units": "dB",
                "selected": false
              },
              "6": {
                "label_active": "-100 dB",
                "label_inactive": "-100 dB",
                "value": "-100",
                "units": "dB",
                "selected": false
              },
              "7": {
                "label_active": "-95 dB",
                "label_inactive": "-95 dB",
                "value": "-95",
                "units": "dB",
                "selected": false
              },
              "8": {
                "label_active": "-90 dB",
                "label_inactive": "-90 dB",
                "value": "-90",
                "units": "dB",
                "selected": false
              },
              "9": {
                "label_active": "-85 dB",
                "label_inactive": "-85 dB",
                "value": "-85",
                "units": "dB",
                "selected": false
              },
              "10": {
                "label_active": "-80 dB",
                "label_inactive": "-80 dB",
                "value": "-80",
                "units": "dB",
                "selected": false
              },
              "11": {
                "label_active": "-75 dB",
                "label_inactive": "-75 dB",
                "value": "-75",
                "units": "dB",
                "selected": false
              },
              "12": {
                "label_active": "-70 dB",
                "label_inactive": "-70 dB",
                "value": "-70",
                "units": "dB",
                "selected": false
              },
              "13": {
                "label_active": "-65 dB",
                "label_inactive": "-65 dB",
                "value": "-65",
                "units": "dB",
                "selected": false
              },
              "14": {
                "label_active": "-60 dB",
                "label_inactive": "-60 dB",
                "value": "-60",
                "units": "dB",
                "selected": false
              },
              "15": {
                "label_active": "-55 dB",
                "label_inactive": "-55 dB",
                "value": "-55",
                "units": "dB",
                "selected": false
              },
              "16": {
                "label_active": "-50 dB",
                "label_inactive": "-50 dB",
                "value": "-50",
                "units": "dB",
                "selected": false
              },
              "17": {
                "label_active": "-45 dB",
                "label_inactive": "-45 dB",
                "value": "-45",
                "units": "dB",
                "selected": true
              },
              "18": {
                "label_active": "-40 dB",
                "label_inactive": "-40 dB",
                "value": "-40",
                "units": "dB",
                "selected": false
              },
              "19": {
                "label_active": "-35 dB",
                "label_inactive": "-35 dB",
                "value": "-35",
                "units": "dB",
                "selected": false
              },
              "20": {
                "label_active": "-30 dB",
                "label_inactive": "-30 dB",
                "value": "-30",
                "units": "dB",
                "selected": false
              },
              "21": {
                "label_active": "-25 dB",
                "label_inactive": "-25 dB",
                "value": "-25",
                "units": "dB",
                "selected": false
              },
              "22": {
                "label_active": "-20 dB",
                "label_inactive": "-20 dB",
                "value": "-20",
                "units": "dB",
                "selected": false
              },
              "23": {
                "label_active": "-15 dB",
                "label_inactive": "-15 dB",
                "value": "-15",
                "units": "dB",
                "selected": false
              },
              "24": {
                "label_active": "-10 dB",
                "label_inactive": "-10 dB",
                "value": "-10",
                "units": "dB",
                "selected": false
              },
              "25": {
                "label_active": "-5 dB",
                "label_inactive": "-5 dB",
                "value": "-5",
                "units": "dB",
                "selected": false
              }
            }
          },
          "ref_level_dBm": {
            "label": "Reference Level",
            "type": "_CustomHorizontalFader",
            "handler": "set_ref_level",
            "yak_handler": {
              "enable": true,
              "yak_type": "set",
              "sub_path": "Amplitude",
              "command": "Set_Reference_Level",
              "input_name": "dbm_value",
              "converter": "float"
            },
            "default_value": "-30",
            "units": "dBm",
            "min": "-100",
            "max": "0",
            "step": "10",
            "layout": { "sticky": "ew" }
          }
         
        }
      },
        
      "Attenuation": {
        "type": "OcaBlock",
        "description": "Settings for Attenuation",
        "show_label": false,
        "layout": { "sticky": "ew" },
        "fields": {
          "break_1": {
        "type": "OcaBreakLine"
      },
          "POWER_ATTENUATION": {
            "type": "_GuiDropDownOption",
            "AES70": "OcaSwitch",
            "handler": "set_power_attenuation",
            "label" : "Power Attenuation",
            "yak_handler": {
              "enable": true,
              "yak_type": "set",
              "sub_path": "Amplitude",
              "command": "Set_Power_Attenuation",
              "input_name": "db_value",
              "converter": "float"
            },
            "layout": { "height": 30, "sticky": "ew" },
            "options": {
              "1": {
                "label_active": "0 dB",
                "label_inactive": "0 dB",
                "value": "0",
                "units": "dB",
                "selected": false
              },
              "2": {
                "label_active": "10 dB",
                "label_inactive": "10 dB",
                "value": "10",
                "units": "dB",
                "selected": false
              },
              "3": {
                "label_active": "20 dB",
                "label_inactive": "20 dB",
                "value": "20",
                "units": "dB",
                "selected": false
              },
              "4": {
                "label_active": "30 dB",
                "label_inactive": "30 dB",
                "value": "30",
                "units": "dB",
                "selected": false
              },
              "5": {
                "label_active": "40 dB",
                "label_inactive": "40 dB",
                "value": "40",
                "units": "dB",
                "selected": false
              },
              "6": {
                "label_active": "50 dB",
                "label_inactive": "50 dB",
                "value": "50",
                "units": "dB",
                "selected": false
              }
            }
          },
          
      
      "power_attenuation_dB": {
        "type": "_CustomHorizontalFader",
        "handler": "set_power_attenuation",
        
        "yak_handler": {
          "enable": true,
          "yak_type": "set",
          "sub_path": "Amplitude",
          "command": "Set_Power_Attenuation",
          "input_name": "db_value",
          "converter": "float"
        },
        "default_value": "10",
        "units": "dBm",
        "min": "-100",
        "max": "0",
        "step": "10",
        "layout": { "sticky": "ew" }

      }
      }}}