{
  "rig": {
    "type": "OcaBlock",
    "description": "Scope Configuration",
    "fields": {
      "Trigger_Settings": {
        "type": "OcaBlock",
        "description": "Trigger System",
        "fields": {
          "Trigger_Source": {
            "type": "_GuiActuator",
            "AES70": "OcaBooleanActuator",
            "active": true,
            "message": ":TRIGger:EDGe:SOURce <source>",
            "layout": { "height": 30, "sticky": "" }
          },
          "Trigger_Level": {
            "type": "_GuiActuator",
            "AES70": "OcaBooleanActuator",
            "active": true,
            "message": ":TRIGger:EDGe:LEVel <level>",
            "layout": { "height": 30, "sticky": "" }
          },
          "Trigger_Sweep": {
            "type": "_GuiActuator",
            "AES70": "OcaBooleanActuator",
            "active": true,
            "message": ":TRIGger:SWEep <sweep>",
            "layout": { "height": 30, "sticky": "" }
          }
        }
      },
      "Horizontal_Settings": {
        "type": "OcaBlock",
        "description": "Timebase",
        "fields": {
          "Time_Scale": {
            "type": "_GuiActuator",
            "AES70": "OcaBooleanActuator",
            "active": true,
            "message": ":TIMebase:MAIN:SCALe <scale>",
            "layout": { "height": 30, "sticky": "" }
          },
          "Time_Offset": {
            "type": "_GuiActuator",
            "AES70": "OcaBooleanActuator",
            "active": true,
            "message": ":TIMebase:MAIN:OFFSet <offset>",
            "layout": { "height": 30, "sticky": "" }
          }
        }
      }
    }
  },
  "Do": {
    "type": "OcaBlock",
    "description": "Actions and Toggles",
    "fields": {
      "Run_Control": {
        "type": "OcaBlock",
        "fields": {
          "Run": {
            "type": "_GuiActuator",
            "AES70": "OcaBooleanActuator",
            "active": true,
            "label_inactive": "RUN",
            "Execute Command": { "message": ":RUN" }
          },
          "Stop": {
            "type": "_GuiActuator",
            "AES70": "OcaBooleanActuator",
            "active": true,
            "label_inactive": "STOP",
            "Execute Command": { "message": ":STOP" }
          },
          "Single": {
            "type": "_GuiActuator",
            "AES70": "OcaBooleanActuator",
            "active": true,
            "label_inactive": "SINGLE",
            "Execute Command": { "message": ":SINGle" }
          },
          "Auto_Scale": {
            "type": "_GuiActuator",
            "AES70": "OcaBooleanActuator",
            "active": true,
            "label_inactive": "AUTO",
            "Execute Command": { "message": ":AUToscale" }
          }
        }
      },
      "System_Actions": {
        "type": "OcaBlock",
        "fields": {
          "Clear": {
            "type": "_GuiActuator",
            "AES70": "OcaBooleanActuator",
            "label_inactive": "Clear",
            "Execute Command": { "message": ":CLEar" }
          },
          "Force_Trigger": {
            "type": "_GuiActuator",
            "AES70": "OcaBooleanActuator",
            "label_inactive": "Force",
            "Execute Command": { "message": ":TFORce" }
          }
        }
      }
    }
  }
}