{

  "rig": {
    "type": "OcaBlock",
    "description": "Scope Configuration",
    "fields": {
      "Acquisition_Setup": {
        "type": "OcaBlock",
        "description": "Acquire Mode & Averaging",
        "fields": {
          "Set_Acquire_Mode_NORMal": {
            "type": "OcaBlock",
            "fields": {
              "Execute Command": {
                "type": "_GuiActuator",
                "AES70": "OcaBooleanActuator",
                "active": true,
                "message": ":ACQuire:TYPE <type>",
                "layout": { "height": 30, "sticky": "" }
              },
              "Input": {
                "type": "OcaBlock",
                "fields": {
                  "type": { "value": "NORMal", "type": "_Value",
 "description": "NORMal, AVERage, PEAK, HRESolution" }
                }
              }
            }
          },
                "Set_Acquire_Mode_AVERage": {
            "type": "OcaBlock",
            "fields": {
              "Execute Command": {
                "type": "_GuiActuator",
                "AES70": "OcaBooleanActuator",
                "active": true,
                "message": ":ACQuire:TYPE <type>",
                "layout": { "height": 30, "sticky": "" }
              },
              "Input": {
                "type": "OcaBlock",
                "fields": {
                  "type": { "value": "AVERage", "type": "_Value",
 "description": "NORMal, AVERage, PEAK, HRESolution" }
                }
              }
            }
          },
                    "Set_Acquire_Mode_PEAK": {
            "type": "OcaBlock",
            "fields": {
              "Execute Command": {
                "type": "_GuiActuator",
                "AES70": "OcaBooleanActuator",
                "active": true,
                "message": ":ACQuire:TYPE <type>",
                "layout": { "height": 30, "sticky": "" }
              },
              "Input": {
                "type": "OcaBlock",
                "fields": {
                  "type": { "value": "PEAK", "type": "_Value",
 "description": "NORMal, AVERage, PEAK, HRESolution" }
                }
              }
            }
          },
                    "Set_Acquire_Mode_HRESolution": {
            "type": "OcaBlock",
            "fields": {
              "Execute Command": {
                "type": "_GuiActuator",
                "AES70": "OcaBooleanActuator",
                "active": true,
                "message": ":ACQuire:TYPE <type>",
                "layout": { "height": 30, "sticky": "" }
              },
              "Input": {
                "type": "OcaBlock",
                "fields": {
                  "type": { "value": "HRESolution", "type": "_Value",
 "description": "NORMal, AVERage, PEAK, HRESolution" }
                }
              }
            }
          },
          "Set_Averaging_Count": {
            "type": "OcaBlock",
            "fields": {
              "Execute Command": {
                "type": "_GuiActuator",
                "AES70": "OcaBooleanActuator",
                "active": true,
                "message": ":ACQuire:COUNt <count>",
                "layout": { "height": 30, "sticky": "" }
              },
              "Input": {
                "type": "OcaBlock",
                "fields": {
                  "count": { "value": "8", "type": "_Value",
 "description": "2 to 65536" }
                }
              }
            }
          }
        }
      },
      "Trigger_Setup": {
        "type": "OcaBlock",
        "description": "Trigger Configuration",
        "fields": {
          "Set_Trigger_Mode": {
            "type": "OcaBlock",
            "fields": {
              "Execute Command": {
                "type": "_GuiActuator",
                "AES70": "OcaBooleanActuator",
                "active": true,
                "message": ":TRIGger:MODE <mode>",
                "layout": { "height": 30, "sticky": "" }
              },
              "Input": {
                "type": "OcaBlock",
                "fields": {
                  "mode": { "value": "EDGE", "type": "_Value",
 "description": "EDGE, GLITch, PATTern, TV, DELay" }
                }
              }
            }
          },
          "Set_Trigger_Sweep": {
            "type": "OcaBlock",
            "fields": {
              "Execute Command": {
                "type": "_GuiActuator",
                "AES70": "OcaBooleanActuator",
                "active": true,
                "message": ":TRIGger:SWEep <sweep>",
                "layout": { "height": 30, "sticky": "" }
              },
              "Input": {
                "type": "OcaBlock",
                "fields": {
                  "sweep": { "value": "AUTO", "type": "_Value",
 "description": "AUTO or NORMal" }
                }
              }
            }
          },
          "Set_Edge_Source_CH1": {
            "type": "OcaBlock",
            "fields": {
              "Execute Command": {
                "type": "_GuiActuator",
                "AES70": "OcaBooleanActuator",
                "active": true,
                "message": ":TRIGger:EDGE:SOURce <source>",
                "layout": { "height": 30, "sticky": "" }
              },
              "Input": {
                "type": "OcaBlock",
                "fields": {
                  "source": { "value": "CHAN1", "type": "_Value",
 "description": "CHAN1, CHAN2, EXT, LINE" }
                }
              }},
            
            "Execute Command": {
                "type": "_GuiActuator",
                "AES70": "OcaBooleanActuator",
                "active": true,
                "message": ":TRIGger:EDGE:SOURce <source>",
                "layout": { "height": 30, "sticky": "" }
              },
              "Input": {
                "type": "OcaBlock",
                "fields": {
                  "source": { "value": "CHAN1", "type": "_Value",
 "description": "CHAN1, CHAN2, EXT, LINE" }
                }
              }
          },
          "Set_Edge_Source_CH2": {
            "type": "OcaBlock",
            "fields": {
              "Execute Command": {
                "type": "_GuiActuator",
                "AES70": "OcaBooleanActuator",
                "active": true,
                "message": ":TRIGger:EDGE:SOURce <source>",
                "layout": { "height": 30, "sticky": "" }
              },
              "Input": {
                "type": "OcaBlock",
                "fields": {
                  "source": { "value": "CHAN2", "type": "_Value",
 "description": "CHAN1, CHAN2, EXT, LINE" }
                }
              }
            }
            
          },
          "Set_Edge_Source_EXT": {
            "type": "OcaBlock",
            "fields": {
              "Execute Command": {
                "type": "_GuiActuator",
                "AES70": "OcaBooleanActuator",
                "active": true,
                "message": ":TRIGger:EDGE:SOURce <source>",
                "layout": { "height": 30, "sticky": "" }
              },
              "Input": {
                "type": "OcaBlock",
                "fields": {
                  "source": { "value": "EXT", "type": "_Value",
 "description": "CHAN1, CHAN2, EXT, LINE" }
                }
              }
            }
            
          },
          "Set_Trigger_Level": {
            "type": "OcaBlock",
            "fields": {
              "Execute Command": {
                "type": "_GuiActuator",
                "AES70": "OcaBooleanActuator",
                "active": true,
                "message": ":TRIGger:EDGE:LEVel <level>",
                "layout": { "height": 30, "sticky": "" }
              },
              "Input": {
                "type": "OcaBlock",
                "fields": {
                  "level": { "value": "0.0", "type": "_Value",
 "description": "Level in Volts" }
                }
              }
            }
          }
        }
      }
    }
  }
}