{"Instrument_Controls": {"type": "OcaBlock", "description": "Dynamic Controls for yak_system", "fields": {"Get": {"Get_error_information": {"message_details": {"Execute Command": {"type": "_GuiActuator", "trigger": false, "message": ":SYSTem:ERRor?"}}, "Outputs": {"ERROR": {"value": "The number of errors in the queue.", "type": "_GuiValue"}}}, "Get_identification_query": {"message_details": {"Execute Command": {"type": "_GuiActuator", "trigger": false, "value": "*IDN?"}}, "Outputs": {"identification_string": {"value": "An instrument identification string containing manufacturer, model, serial number, and firmware revision.", "type": "_GuiValue"}}}}, "Do_Update_Display": {"message_details": {"Execute Command": {"type": "_GuiActuator", "trigger": false, "message": ":SYSTem:DISPlay:UPDate"}}}, "do": {"Do_Clear_Device": {"message_details": {"Execute Command": {"type": "_GuiActuator", "trigger": false, "value": "*CLS"}}}, "Do_Reset": {"message_details": {"Execute Command": {"type": "_GuiActuator", "trigger": false, "value": "*RST"}}}, "Do_Power_Cycle": {"message_details": {"Execute Command": {"type": "_GuiActuator", "trigger": false, "message": ":SYSTem:POWer:RESet"}}}}}}}