{
  "tutorial_intro": {
    "type": "OcaBlock",
    "description": "Introduction",
    "fields": {
      "title": { "type": "_Label", "label_active": "The 'Flux Capacitor' Widget Showcase" },
      "desc_main": { "type": "_Label", "label_active": "Now featuring Hybrid Metering (Analog + Digital) and Custom Faders!" }
    }
  },
  "Standard_Gui_Elements": {
    "type": "OcaBlock",
    "description": "Standard Controls (2-Column Grid)",
    "layout_columns": 2,
    "fields": {
      "w01": { "type": "_GuiActuator", "label_active": "Actuator", "trigger": false },
      "w02": { "type": "_GuiButtonToggle", "label_active": "Toggle Button with Title", "state_default": true },
      "w03": { "type": "_GuiButtonToggler", "label_active": "Multi-Button Toggler", "options": ["Option 1", "Option 2", "Option 3", "Option 4"] },
      "w04": { "type": "_GuiCheckbox", "label_active": "Check", "state_default": true },
      "w05": {
        "type": "_GuiDropDownOption",
        "AES70": "OcaSwitch",
        "handler": "set_value",
        "label_active": "Dropdown with 10 Choices",
        "options": {
          "1": { "label_active": "Choice 1", "label_inactive": "Choice 1", "value": "1", "units": "text", "selected": false },
          "2": { "label_active": "Choice 2", "label_inactive": "Choice 2", "value": "2", "units": "text", "selected": false },
          "3": { "label_active": "Choice 3", "label_inactive": "Choice 3", "value": "3", "units": "text", "selected": false },
          "4": { "label_active": "Choice 4", "label_inactive": "Choice 4", "value": "4", "units": "text", "selected": false },
          "5": { "label_active": "Choice 5", "label_inactive": "Choice 5", "value": "5", "units": "text", "selected": false },
          "6": { "label_active": "Choice 6", "label_inactive": "Choice 6", "value": "6", "units": "text", "selected": false },
          "7": { "label_active": "Choice 7", "label_inactive": "Choice 7", "value": "7", "units": "text", "selected": false },
          "8": { "label_active": "Choice 8", "label_inactive": "Choice 8", "value": "8", "units": "text", "selected": false },
          "9": { "label_active": "Choice 9", "label_inactive": "Choice 9", "value": "9", "units": "text", "selected": false },
          "10": { "label_active": "Choice 10", "label_inactive": "Choice 10", "value": "10", "units": "text", "selected": false }
        }
      },
      "ListBox": { "type": "_GuiListbox", "label_active": "List", "items": ["A", "B"], "layout": {"height": 60} },
      "LabelActive": { "type": "_TextInput", "label_active": "Input", "value_default": "Text" },
      "Value": { "type": "_Value",
 "label_active": "Value", "value": "1.21" },
      "Label": { "type": "_Label", "label_active": "Label" },
      "WebLink": { "type": "_WebLink", "label_active": "Link to Like.audio", "url": "http://Like.audio" },
      "Progress Bar": { "type": "_ProgressBar", "label_active": "Load", "value_default": 65 },
      "Label Active": { "type": "_sliderValue", "label_active": "Slider", "value_default": 50 },
      "IncDecButtons": { "type": "_IncDecButtons", "label_active": "Inc/Dec", "value_default": 10 },
      "DirectionalButtons": { "type": "_DirectionalButtons", "label_active": "Nav Pad" },
      "Drop Down": {
        "type": "_GuiDropDownOption",
        "AES70": "OcaSwitch",
        "handler": "set_value",
        "label_active": "Dropdown - Numbers",
        "options": {
          "1": { "label_active": "10", "label_inactive": "10", "value": "10", "units": "num", "selected": false },
          "2": { "label_active": "20", "label_inactive": "20", "value": "20", "units": "num", "selected": false },
          "3": { "label_active": "30", "label_inactive": "30", "value": "30", "units": "num", "selected": false },
          "4": { "label_active": "40", "label_inactive": "40", "value": "40", "units": "num", "selected": false },
          "5": { "label_active": "50", "label_inactive": "50", "value": "50", "units": "num", "selected": false }
        }
      },
      "w16": {
        "type": "_GuiDropDownOption",
        "AES70": "OcaSwitch",
        "handler": "set_value",
        "label_active": "Dropdown - Default Value",
        "options": {
          "1": { "label_active": "Apple", "label_inactive": "Apple", "value": "1", "units": "fruit", "selected": false },
          "2": { "label_active": "Banana", "label_inactive": "Banana", "value": "2", "units": "fruit", "selected": true },
          "3": { "label_active": "Cherry", "label_inactive": "Cherry", "value": "3", "units": "fruit", "selected": false }
        },
        "value_default": "2"
      }
    }
  }
}