{
  "Do": {
    "type": "OcaBlock",
    "description": "Actions and Toggles",
    "fields": {
      "System_Actions": {
        "type": "OcaBlock",
        "fields": {
          "Clear": {
            "type": "_GuiActuator",
            "AES70": "OcaBooleanActuator",
            "label_inactive": "Clear",
            "Execute Command": { "message": ":CLEar" }
          },
          "Force_Trigger": {
            "type": "_GuiActuator",
            "AES70": "OcaBooleanActuator",
            "label_inactive": "Force",
            "Execute Command": { "message": ":TFORce" }
          }
        }
      }
    }
  }
}