{
    "Log_Y_Zoom": {
        "type": "plot_widget",
        "title": "Logarithmic Y-Axis (Zoom Enabled)",
        "show_title": true,
        "show_grid": true,
        "show_x_axis": true,
        "show_y_axis": true,
        "enable_zoom": true,
        "enable_hover": true,
        "enable_pan": true,
        "bg_color": "match_theme",
        "axis": { "y": { "scale": "log" } },
        "datasets": [{
            "id": "exp_growth",
            "initial_csv_data": "x,y\n0,1\n1,10\n2,100\n3,1000\n4,10000"
        }],
        "layout": { "height": 400 }
    },
    "Log_X_Zoom": {
        "type": "plot_widget",
        "title": "Logarithmic X-Axis (Zoom Enabled)",
        "show_title": true,
        "show_grid": true,
        "show_x_axis": true,
        "show_y_axis": true,
        "enable_zoom": true,
        "enable_hover": true,
        "enable_pan": true,
        "bg_color": "match_theme",
        "axis": { "x": { "scale": "log" } },
        "datasets": [{
            "id": "log_decay",
            "initial_csv_data": "x,y\n1,100\n10,10\n100,1\n1000,0.1"
        }],
        "layout": { "height": 400 }
    },
    "Log_Log_Zoom": {
        "type": "plot_widget",
        "title": "Log-Log Plot (Zoom Enabled)",
        "show_title": true,
        "show_grid": true,
        "show_x_axis": true,
        "show_y_axis": true,
        "enable_zoom": true,
        "enable_hover": true,
        "enable_pan": true,
        "bg_color": "match_theme",
        "axis": { "x": { "scale": "log" }, "y": { "scale": "log" } },
        "datasets": [{
            "id": "power_law",
            "initial_csv_data": "x,y\n1,1\n2,8\n3,27\n4,64\n5,125"
        }],
        "layout": { "height": 400 }
    },
    "Scatter_Plot": {
        "type": "plot_widget",
        "title": "Scatter Plot",
        "show_title": true,
        "show_grid": true,
        "show_x_axis": true,
        "show_y_axis": true,
        "enable_zoom": true,
        "enable_hover": true,
        "enable_pan": true,
        "bg_color": "match_theme",
        "datasets": [{
            "id": "scatter_data",
            "initial_csv_data": "x,y\n1,5\n2,7\n3,3\n4,9\n5,5\n6,8\n7,2\n8,6",
            "style": { "marker": "x", "line_style": "None" }
        }],
        "layout": { "height": 400 }
    },
    "Multi_Style_Plot": {
        "type": "plot_widget",
        "title": "Multi-Style Plot",
        "show_title": true,
        "show_grid": true,
        "show_x_axis": true,
        "show_y_axis": true,
        "enable_zoom": true,
        "enable_hover": true,
        "enable_pan": true,
        "bg_color": "match_theme",
        "datasets": [
            {"id": "data1", "label": "Thick Red", "initial_csv_data": "x,y\n0,1\n1,2\n2,1.5", "style": {"line_color": "red", "line_width": 4}},
            {"id": "data2", "label": "Dashed Blue", "initial_csv_data": "x,y\n0,2\n1,1\n2,1.2", "style": {"line_color": "blue", "line_style": "--"}},
            {"id": "data3", "label": "Green Scatter", "initial_csv_data": "x,y\n0.5,1.5\n1.5,1.5", "style": {"marker": "o", "line_style": "None", "color": "green"}}
        ],
        "layout": { "height": 400 }
    },
    "Financial_Plot": {
        "type": "plot_widget",
        "title": "Stock Price",
        "show_title": true,
        "show_grid": true,
        "show_x_axis": true,
        "show_y_axis": true,
        "enable_zoom": true,
        "enable_hover": true,
        "enable_pan": true,
        "bg_color": "#003300",
        "datasets": [{
            "id": "stock",
            "initial_csv_data": "x,y\n0,100\n1,102\n2,101\n3,105\n4,103\n5,108\n6,110",
            "style": {"line_color": "lime"}
        }],
        "layout": { "height": 400 }
    },
    "Heartbeat_Plot": {
        "type": "plot_widget",
        "title": "EKG",
        "show_title": false,
        "show_grid": false,
        "show_x_axis": false,
        "show_y_axis": false,
        "enable_zoom": true,
        "enable_hover": true,
        "enable_pan": true,
        "bg_color": "black",
        "datasets": [{
            "id": "ekg",
            "initial_csv_data": "x,y\n0,0\n0.1,0\n0.2,2\n0.3,-1\n0.4,0\n0.5,0.2\n0.6,0\n1,0\n1.1,0\n1.2,2\n1.3,-1\n1.4,0\n1.5,0.2\n1.6,0",
            "style": {"line_color": "#00FF00"}
        }],
        "layout": { "height": 400 }
    },
    "Spiral_Plot": {
        "type": "plot_widget",
        "title": "Spiral",
        "show_title": true,
        "show_grid": true,
        "show_x_axis": true,
        "show_y_axis": true,
        "enable_zoom": true,
        "enable_hover": true,
        "enable_pan": true,
        "bg_color": "match_theme",
        "datasets": [{
            "id": "spiral",
            "initial_csv_data": "x,y\n0,0\n0.1,1\n1,1.1\n1.1,0.1\n0.2,0\n0,0.2\n0.8,0\n1,-0.8\n-0.8,-0.8\n-0.8,0.8\n0.8,0.8"
        }],
        "layout": { "height": 400 }
    },
    "Scientific_Plot": {
        "type": "plot_widget",
        "title": "Publication Style",
        "show_title": true,
        "show_grid": true,
        "show_x_axis": true,
        "show_y_axis": true,
        "enable_zoom": true,
        "enable_hover": true,
        "enable_pan": true,
        "bg_color": "white",
        "datasets": [{
            "id": "scientific_data",
            "initial_csv_data": "x,y\n1,2.1\n2,3.9\n3,6.2\n4,8.1\n5,10.3",
            "style": {"line_color": "black", "marker": "s", "line_style": "--"}
        }],
        "layout": { "height": 400 }
    },
    "All_Features_Plot": {
        "type": "plot_widget",
        "title": "All Features",
        "show_title": true,
        "show_grid": true,
        "show_x_axis": true,
        "show_y_axis": true,
        "enable_zoom": true,
        "enable_hover": true,
        "enable_pan": true,
        "bg_color": "#2c3e50",
        "axis": { "y": { "label": "Amplitude" } },
        "datasets": [
            {"id": "signal", "label": "Signal", "initial_csv_data": "x,y\n0,5\n1,6\n2,5\n3,4\n4,5", "style": {"line_color": "#1abc9c", "line_width": 2}},
            {"id": "noise", "label": "Noise", "initial_csv_data": "x,y\n0,0.1\n1,-0.2\n2,0.3\n3,-0.1\n4,0.2", "style": {"line_color": "#f1c40f", "line_style": ":", "line_width": 1}}
        ],
        "layout": { "height": 400 }
    }
}