{

  "rig": {
    "type": "OcaBlock",
    "description": "Scope Configuration",
    "fields": {
      "Acquisition_Setup": {
        "type": "OcaBlock",
        "description": "Acquire Mode & Averaging",
        "fields": {
          
          "Set_Averaging_Count": {
            "type": "OcaBlock",
            "fields": {
              "Execute Command": {
                "type": "_GuiActuator",
                "AES70": "OcaBooleanActuator",
                "active": true,
                "message": ":ACQuire:COUNt <count>",
                "layout": { "height": 30, "sticky": "" }
              },
              "Input": {
                "type": "OcaBlock",
                "fields": {
                  "count": { "value": "8", "type": "_Value",
 "description": "2 to 65536" }
                }
              }
            }
          }
        }
      },
      "Timebase_Setup": {
        "type": "OcaBlock",
        "description": "Horizontal Controls",
        "fields": {
          "Set_Timebase_Scale": {
            "type": "OcaBlock",
            "fields": {
              "Execute Command": {
                "type": "_GuiActuator",
                "AES70": "OcaBooleanActuator",
                "active": true,
                "message": ":TIMebase:SCALe <scale>",
                "layout": { "height": 30, "sticky": "" }
              },
              "Input": {
                "type": "OcaBlock",
                "fields": {
                  "scale": { "value": "0.001", "type": "_Value",
 "description": "Seconds per division" }
                }
              }
            }
          },
          "Set_Timebase_Position": {
            "type": "OcaBlock",
            "fields": {
              "Execute Command": {
                "type": "_GuiActuator",
                "AES70": "OcaBooleanActuator",
                "active": true,
                "message": ":TIMebase:POSition <position>",
                "layout": { "height": 30, "sticky": "" }
              },
              "Input": {
                "type": "OcaBlock",
                "fields": {
                  "position": { "value": "0.0", "type": "_Value",
 "description": "Offset in seconds" }
                }
              }
            }
          }
        }
      }
    }
  }}