{
  "Card_8_Peripheral_Interface": {
    "type": "OcaBlock",
    "description": "Card 8 - Peripheral Channel Routing",
    "show_label": false,
    "layout": { "sticky": "ew" },
    "fields": {
      "Bus_AB00_Periph_Left_Out": {
        "type": "_GuiButtonToggler",
        "AES70": "OcaSwitch",
        "handler": "set_periph_out_left_c8",
        "layout": { "height": 23, "max_cols": 3, "width": 50, "sticky": "ew","font":14  },
        "yak_handler": {
          "enable": true,
          "yak_type": "set",
          "sub_path": "Routing",
          "command": "Set_Relay_Card8",
          "input_name": "relay_id",
          "converter": "int"
        },
        
        "options": {
          "1": {
            "value": "801",
            "label_active": "Comp DAC L",
            "label_inactive": "Comp DAC L",
            "description": "Computer DAC Left OUT to Bus AB-00"
          },
          "2": {
            "value": "802",
            "label_active": "Sig Gen L",
            "label_inactive": "Sig Gen L",
            "description": "Signal Generator Left OUT to Bus AB-00"
          },
          "3": {
            "value": "803",
            "label_active": "Distortion L",
            "label_inactive": "Distortion L",
            "description": "Distortion Analyzer Left OUT to Bus AB-00"
          },
          "4": {
            "value": "804",
            "label_active": "Aux IN L",
            "label_inactive": "Aux IN L",
            "description": "Aux Input Left OUT to Bus AB-00"
          },
          "5": {
            "value": "805",
            "label_active": "DUT OUT L",
            "label_inactive": "DUT OUT L",
            "description": "Device Under Test Left OUT to Bus AB-00"
          },
          "UNSELECTED": {
            "value": "NONE",
            "label_active": "None",
            "label_inactive": "None",
            "description": "No active route on Bus AB-00",
            "selected": true
          }
        }
      },
      "Bus_AB02_Periph_Right_Out": {
        "type": "_GuiButtonToggler",
        "AES70": "OcaSwitch",
        "handler": "set_periph_out_right_c8",
        "yak_handler": {
          "enable": true,
          "yak_type": "set",
          "sub_path": "Routing",
          "command": "Set_Relay_Card8",
          "input_name": "relay_id",
          "converter": "int"
        },
        "layout": {"height": 23, "max_cols": 3, "width": 50, "sticky": "ew","font":14 },
        "options": {
          "1": {
            "value": "821",
            "label_active": "Comp DAC R",
            "label_inactive": "Comp DAC R",
            "description": "Computer DAC Right OUT to Bus AB-02"
          },
          "2": {
            "value": "822",
            "label_active": "Sig Gen R",
            "label_inactive": "Sig Gen R",
            "description": "Signal Generator Right OUT to Bus AB-02"
          },
          "3": {
            "value": "823",
            "label_active": "Distortion R",
            "label_inactive": "Distortion R",
            "description": "Distortion Analyzer Right OUT to Bus AB-02"
          },
          "4": {
            "value": "824",
            "label_active": "Aux IN R",
            "label_inactive": "Aux IN R",
            "description": "Aux Input Right OUT to Bus AB-02"
          },
          "5": {
            "value": "825",
            "label_active": "DUT OUT R",
            "label_inactive": "DUT OUT R",
            "description": "Device Under Test Right OUT to Bus AB-02"
          },
          "UNSELECTED": {
            "value": "NONE",
            "label_active": "None",
            "label_inactive": "None",
            "description": "No active route on Bus AB-02",
            "selected": true
          }
        }
      },
      "Bus_AB01_Periph_Left_In": {
        "type": "_GuiButtonToggler",
        "AES70": "OcaSwitch",
        "handler": "set_periph_in_left_c8",
        "yak_handler": {
          "enable": true,
          "yak_type": "set",
          "sub_path": "Routing",
          "command": "Set_Relay_Card8",
          "input_name": "relay_id",
          "converter": "int"
        },
        "layout": {"height": 23, "max_cols": 3, "width": 50, "sticky": "ew","font":14 },
        "options": {
          "1": {
            "value": "811",
            "label_active": "DUT In L",
            "label_inactive": "DUT In L",
            "description": "Device Under Test Left IN from Bus AB-01"
          },
          "2": {
            "value": "812",
            "label_active": "DAC IN L",
            "label_inactive": "DAC IN L",
            "description": "DAC Left IN from Bus AB-01"
          },
          "3": {
            "value": "813",
            "label_active": "Monitor 1 L",
            "label_inactive": "Monitor 1 L",
            "description": "Monitor 1 Left IN from Bus AB-01"
          },
          "4": {
            "value": "814",
            "label_active": "Monitor 2 L",
            "label_inactive": "Monitor 2 L",
            "description": "Monitor 2 Left IN from Bus AB-01"
          },
          "5": {
            "value": "815",
            "label_active": "Monitor 3 L",
            "label_inactive": "Monitor 3 L",
            "description": "Monitor 3 Left IN from Bus AB-01"
          },
          "UNSELECTED": {
            "value": "NONE",
            "label_active": "None",
            "label_inactive": "None",
            "description": "No active route on Bus AB-01",
            "selected": true
          }
        }
      },
      "Bus_AB03_Periph_Right_In": {
        "type": "_GuiButtonToggler",
        "AES70": "OcaSwitch",
        "handler": "set_periph_in_right_c8",
        "yak_handler": {
          "enable": true,
          "yak_type": "set",
          "sub_path": "Routing",
          "command": "Set_Relay_Card8",
          "input_name": "relay_id",
          "converter": "int"
        },
        "layout": {"height": 23, "max_cols": 3, "width": 50, "sticky": "ew","font":14 },
        "options": {
          "1": {
            "value": "831",
            "label_active": "DUT In R",
            "label_inactive": "DUT In R",
            "description": "Device Under Test Right IN from Bus AB-03"
          },
          "2": {
            "value": "832",
            "label_active": "DAC IN R",
            "label_inactive": "DAC IN R",
            "description": "DAC Right IN from Bus AB-03"
          },
          "3": {
            "value": "833",
            "label_active": "Monitor 1 R",
            "label_inactive": "Monitor 1 R",
            "description": "Monitor 1 Right IN from Bus AB-03"
          },
          "4": {
            "value": "834",
            "label_active": "Monitor 2 R",
            "label_inactive": "Monitor 2 R",
            "description": "Monitor 2 Right IN from Bus AB-03"
          },
          "5": {
            "value": "835",
            "label_active": "Monitor 3 R",
            "label_inactive": "Monitor 3 R",
            "description": "Monitor 3 Right IN from Bus AB-03"
          },
          "UNSELECTED": {
            "value": "NONE",
            "label_active": "None",
            "label_inactive": "None",
            "description": "No active route on Bus AB-03",
            "selected": true
          }
        }
      }
    }
  }
}