{

  "rig": {
    "type": "OcaBlock",
    "description": "Scope Configuration",
    "fields": {
   
      "Trigger_Settings": {
        "type": "OcaBlock",
        "description": "Trigger System",
        "fields": {
          "Trigger_Source": {
            "type": "OcaBlock",
            "fields": {
              "Execute Command": {
                "type": "_GuiActuator",
                "AES70": "OcaBooleanActuator",
                "active": true,
                "message": ":TRIGger:EDGe:SOURce <source>",
                "layout": { "height": 30, "sticky": "" }
              },
              "Input": {
                "type": "OcaBlock",
                "fields": { "source": { "value": "CHAN1", "type": "_Value",
 "description": "CHAN1, CHAN2, CHAN3, CHAN4" } }
              }
            }
          },
          "Trigger_Level": {
            "type": "OcaBlock",
            "fields": {
              "Execute Command": {
                "type": "_GuiActuator",
                "AES70": "OcaBooleanActuator",
                "active": true,
                "message": ":TRIGger:EDGe:LEVel <level>",
                "layout": { "height": 30, "sticky": "" }
              },
              "Input": {
                "type": "OcaBlock",
                "fields": { "level": { "value": "0.0", "type": "_GuiValue" } }
              }
            }
          },
          "Trigger_Sweep": {
            "type": "OcaBlock",
            "fields": {
              "Execute Command": {
                "type": "_GuiActuator",
                "AES70": "OcaBooleanActuator",
                "active": true,
                "message": ":TRIGger:SWEep <sweep>",
                "layout": { "height": 30, "sticky": "" }
              },
              "Input": {
                "type": "OcaBlock",
                "fields": { "sweep": { "value": "AUTO", "type": "_Value",
 "description": "AUTO or NORMal" } }
              }
            }
          }
        }
      }
    }
  }
  }
