
{
  "nab": {
    "type": "OcaBlock",
    "description": "NAB Trace Monitoring",
    "fields": {
      "NAB_traces_1_2_3_N9340B": {
        "type": "OcaBlock",
        "description": "Primary Trace Monitoring",
        "fields": {
          "N9340B": {
            "type": "_GuiActuator",
            "AES70": "OcaBooleanActuator",
            "active": true,
            "trigger": false,
            "message": ":FREQuency:STARt?;:FREQuency:STOP?;:TRACe1:MODE?;:TRACe2:MODE?;:TRACe3:MODE?;:TRACe1:DATA?;:TRACe2:DATA?;:TRACe3:DATA?",
            "layout": { "height": 30, "sticky": "" }
          },
          "Outputs": {
            "type": "OcaBlock",
            "description": "Trace Settings and Data",
            "fields": {
              "StartFreq": {
                "value": "The starting frequency in Hz.",
                "type": "_GuiValue"
              },
              "StopFreq": {
                "value": "The stopping frequency in Hz.",
                "type": "_GuiValue"
              },
              "TraceMode1": {
                "value": "The trace modes for each trace.",
                "type": "_GuiValue"
              },
              "TraceMode2": {
                "value": "The trace modes for each trace.",
                "type": "_GuiValue"
              },
              "TraceMode3": {
                "value": "The trace modes for each trace.",
                "type": "_GuiValue"
              },
              "TraceData1": {
                "value": "Processed trace data.",
                "type": "_GuiValue"
              },
              "TraceData2": {
                "value": "Processed trace data.",
                "type": "_GuiValue"
              },
              "TraceData3": {
                "value": "Processed trace data.",
                "type": "_GuiValue"
              }
            }
          }
        }
      },
      "NAB_traces_1_2_3_N9342CN": {
        "type": "OcaBlock",
        "description": "Primary Trace Monitoring",
        "fields": {
          "N9342CN": {
            "type": "_GuiActuator",
            "AES70": "OcaBooleanActuator",
            "active": true,
            "trigger": false,
            "message": ":FREQuency:STARt?;:FREQuency:STOP?;:TRAC1:MODE?;:TRAC2:MODE?;:TRAC3:MODE?;:TRACe:DATA? TRACE1;:TRACe:DATA? TRACE2;:TRACe:DATA? TRACE3;",
            "layout": { "height": 30, "sticky": "" }
          },
          "Outputs": {
            "type": "OcaBlock",
            "description": "Trace Settings and Data",
            "fields": {
              "StartFreq": {
                "value": "The starting frequency in Hz.",
                "type": "_GuiValue"
              },
              "StopFreq": {
                "value": "The stopping frequency in Hz.",
                "type": "_GuiValue"
              },
              "TraceMode1": {
                "value": "The trace modes for each trace.",
                "type": "_GuiValue"
              },
              "TraceMode2": {
                "value": "The trace modes for each trace.",
                "type": "_GuiValue"
              },
              "TraceMode3": {
                "value": "The trace modes for each trace.",
                "type": "_GuiValue"
              },
              "TraceData1": {
                "value": "Processed trace data.",
                "type": "_GuiValue"
              },
              "TraceData2": {
                "value": "Processed trace data.",
                "type": "_GuiValue"
              },
              "TraceData3": {
                "value": "Processed trace data.",
                "type": "_GuiValue"
              }
            }
          }
        }
      }
    }
  },
  "get": {
    "type": "OcaBlock",
    "description": "Trace Data Queries",
    "fields": {
      "Get_Trace_1_Data_N9340B": {
        "type": "OcaBlock",
        "fields": {
          "N9340B": {
            "type":"_GuiActuator",
            "AES70": "OcaBooleanActuator",
            "active": true,
            "trigger": false,
            "message": ":TRACe<trace_number>:DATA?",
            "layout": { "height": 30, "sticky": "" }
          },
          "Input": {
            "type": "OcaBlock",
            "fields": {
              "trace_number": {
                "value": "1",
                "type": "_Value",

                "description": "The trace number."
              }
            }
          },
          "Outputs": {
            "type": "OcaBlock",
            "fields": {
              "trace_data": {
                "value": "Processed trace data or False.",
                "type": "_GuiValue"
              }
            }
          }
        }
      },
      "Get_Trace_1_Data_N9342CN": {
        "type": "OcaBlock",
        "fields": {
          "N9342CN": {
            "type":"_GuiActuator",
            "AES70": "OcaBooleanActuator",
            "active": true,
            "trigger": false,
            "message": ":TRACe:DATA? TRACE<trace_number>",
            "layout": { "height": 30, "sticky": "" }
          },
          "Input": {
            "type": "OcaBlock",
            "fields": {
              "trace_number": {
                "value": "1",
                "type": "_Value",

                "description": "The trace number."
              }
            }
          },
          "Outputs": {
            "type": "OcaBlock",
            "fields": {
              "trace_data": {
                "value": "Processed trace data or False.",
                "type": "_GuiValue"
              }
            }
          }
        }
      },
      "Get_Trace_2_Data_N9340B": {
        "type": "OcaBlock",
        "fields": {
          "N9340B": {
            "type":"_GuiActuator",
            "AES70": "OcaBooleanActuator",
            "active": true,
            "trigger": false,
            "message": ":TRACe<trace_number>:DATA?",
            "layout": { "height": 30, "sticky": "" }
          },
          "Input": {
            "type": "OcaBlock",
            "fields": {
              "trace_number": {
                "value": "2",
                "type": "_GuiValue"
              }
            }
          },
          "Outputs": {
            "type": "OcaBlock",
            "fields": {
              "trace_data": {
                "value": "Processed trace data.",
                "type": "_GuiValue"
              }
            }
          }
        }
      },
      "Get_Trace_2_Data_N9342CN": {
        "type": "OcaBlock",
        "fields": {
          "N9342CN": {
            "type":"_GuiActuator",
            "AES70": "OcaBooleanActuator",
            "active": true,
            "trigger": false,
            "message": ":TRACe:DATA? TRACE<trace_number>",
            "layout": { "height": 30, "sticky": "" }
          },
          "Input": {
            "type": "OcaBlock",
            "fields": {
              "trace_number": {
                "value": "2",
                "type": "_GuiValue"
              }
            }
          },
          "Outputs": {
            "type": "OcaBlock",
            "fields": {
              "trace_data": {
                "value": "Processed trace data.",
                "type": "_GuiValue"
              }
            }
          }
        }
      },
      "Get_Trace_3_Data_N9340B": {
        "type": "OcaBlock",
        "fields": {
          "N9340B": {
            "type":"_GuiActuator",
            "AES70": "OcaBooleanActuator",
            "active": true,
            "trigger": false,
            "message": ":TRACe<trace_number>:DATA?",
            "layout": { "height": 30, "sticky": "" }
          },
          "Input": {
            "type": "OcaBlock",
            "fields": {
              "trace_number": {
                "value": "3",
                "type": "_GuiValue"
              }
            }
          },
          "Outputs": {
            "type": "OcaBlock",
            "fields": {
              "trace_data": {
                "value": "Processed trace data.",
                "type": "_GuiValue"
              }
            }
          }
        }
      },
      "Get_Trace_3_Data_N9342CN": {
        "type": "OcaBlock",
        "fields": {
          "N9342CN": {
            "type":"_GuiActuator",
            "AES70": "OcaBooleanActuator",
            "active": true,
            "trigger": false,
            "message": ":TRACe:DATA? TRACE<trace_number>",
            "layout": { "height": 30, "sticky": "" }
          },
          "Input": {
            "type": "OcaBlock",
            "fields": {
              "trace_number": {
                "value": "3",
                "type": "_GuiValue"
              }
            }
          },
          "Outputs": {
            "type": "OcaBlock",
            "fields": {
              "trace_data": {
                "value": "Processed trace data.",
                "type": "_GuiValue"
              }
            }
          }
        }
      },
      "Get_Trace_4_Data_N9340B": {
        "type": "OcaBlock",
        "fields": {
          "N9340B": {
            "type":"_GuiActuator",
            "AES70": "OcaBooleanActuator",
            "active": true,
            "trigger": false,
            "message": ":TRACe<trace_number>:DATA?",
            "layout": { "height": 30, "sticky": "" }
          },
          "Input": {
            "type": "OcaBlock",
            "fields": {
              "trace_number": {
                "value": "4",
                "type": "_GuiValue"
              }
            }
          },
          "Outputs": {
            "type": "OcaBlock",
            "fields": {
              "trace_data": {
                "value": "Processed trace data.",
                "type": "_GuiValue"
              }
            }
          }
        }
      },
      "Get_Trace_4_Data_N9342CN": {
        "type": "OcaBlock",
        "fields": {
          "N9342CN": {
            "type":"_GuiActuator",
            "AES70": "OcaBooleanActuator",
            "active": true,
            "trigger": false,
            "message": ":TRACe:DATA? TRACE<trace_number>",
            "layout": { "height": 30, "sticky": "" }
          },
          "Input": {
            "type": "OcaBlock",
            "fields": {
              "trace_number": {
                "value": "4",
                "type": "_GuiValue"
              }
            }
          },
          "Outputs": {
            "type": "OcaBlock",
            "fields": {
              "trace_data": {
                "value": "Processed trace data.",
                "type": "_GuiValue"
              }
            }
          }
        }
      }
    }
  }
}