{
  "nab": {
    "type": "OcaBlock",
    "description": "NAB Bandwidth Monitoring",
    "fields": {
      "NAB_bandwidth_settings": {
        "type": "OcaBlock",
        "description": "Bandwidth and Sweep Monitoring",
        "fields": {
          "Execute Command": {
            "type": "_GuiActuator",
            "AES70": "OcaBooleanActuator",
            "active": true,
            "trigger": false,
            "message": ":SENSe:BANDwidth:RESolution?;:SENSe:BANDwidth:VIDeo?;:SENSe:BANDwidth:VIDeo:AUTO?;:INITiate:CONTinuous?;:SENSe:SWEep:TIME?",
            "layout": { "height": 30, "sticky": "" }
          },
          "Outputs": {
            "type": "OcaBlock",
            "description": "Bandwidth Readbacks",
            "fields": {
              "RBW_Hz": {
                "value": "The resolution bandwidth in Hz.",
                "type": "_GuiValue"
              },
              "VBW_Hz": {
                "value": "The video bandwidth in Hz.",
                "type": "_GuiValue"
              },
              "VBW_Auto_On": {
                "value": "Boolean for VBW auto state.",
                "type": "_GuiValue"
              },
              "Continuous_Mode_On": {
                "value": "Boolean for continuous mode state.",
                "type": "_GuiValue"
              },
              "Sweep_Time_s": {
                "value": "The sweep time in seconds.",
                "type": "_GuiValue"
              }
            }
          }
        }
      }
    }
  },
  "rig": {
    "type": "OcaBlock",
    "description": "RIG Bandwidth Commands",
    "fields": {
      "rig_RBW_VBW_Hz": {
        "type": "OcaBlock",
        "description": "Set Resolution and Video BW",
        "fields": {
          "Execute Command": {
            "type": "_GuiActuator",
            "AES70": "OcaBooleanActuator",
            "active": true,
            "trigger": false,
            "message": ":SENSe:BANDwidth:RESolution <rbw_hz_value>;:SENSe:BANDwidth:VIDeo <vbw_hz_value>",
            "layout": { "height": 30, "sticky": "" }
          },
          "Input": {
            "type": "OcaBlock",
            "fields": {
              "rbw_hz_value": {
                "value": "100000",
                "type": "_Value",

                "description": "The SCPI input for RBW."
              },
              "vbw_hz_value": {
                "value": "100000",
                "type": "_Value",

                "description": "The SCPI input for VBW."
              }
            }
          }
        }
      }
    }
  },
  "set": {
    "type": "OcaBlock",
    "description": "Individual Bandwidth Sets",
    "fields": {
      "Set_Sweep_time": {
        "type": "OcaBlock",
        "fields": {
          "Execute Command": {
            "type": "_GuiActuator",
            "AES70": "OcaBooleanActuator",
            "active": true,
            "trigger": false,
            "message": ":SENSe:SWEep:TIME <sweep_time_s>",
            "layout": { "height": 30, "sticky": "" }
          },
          "Input": {
            "type": "OcaBlock",
            "fields": {
              "sweep_time_s": {
                "value": "4",
                "type": "_GuiValue"
              }
            }
          }
        }
      },
      "Set_VBW": {
        "type": "OcaBlock",
        "fields": {
          "Execute Command": {
            "type": "_GuiActuator",
            "AES70": "OcaBooleanActuator",
            "active": true,
            "trigger": false,
            "message": ":SENSe:BANDwidth:VIDeo <hz_value>",
            "layout": { "height": 30, "sticky": "" }
          },
          "Input": {
            "type": "OcaBlock",
            "fields": {
              "hz_value": {
                "value": "3000000",
                "type": "_GuiValue"
              }
            }
          }
        }
      },
      "Set_RBW": {
        "type": "OcaBlock",
        "fields": {
          "Execute Command": {
            "type": "_GuiActuator",
            "AES70": "OcaBooleanActuator",
            "active": true,
            "trigger": false,
            "message": ":SENSe:BANDwidth:RESolution <hz_value>",
            "layout": { "height": 30, "sticky": "" }
          },
          "Input": {
            "type": "OcaBlock",
            "fields": {
              "hz_value": {
                "value": "3000000",
                "type": "_GuiValue"
              }
            }
          }
        }
      }
    }
  },
  "Do": {
    "type": "OcaBlock",
    "description": "Automatic State Commands",
    "fields": {
      "Sweep_Time_Auto": {
        "type": "OcaBlock",
        "fields": {
          "Do_Sweep_Time_Auto_ON": {
            "type": "_GuiActuator",
            "AES70": "OcaBooleanActuator",
            "active": true,
            "label_inactive": "Sweep Auto ON",
            "layout": { "height": 30, "sticky": "" },
            "Execute Command": {
              "message": ":SENSe:SWEep:TIME:AUTO ON"
            }
          },
          "Do_Sweep_Time_Auto_OFF": {
            "type": "_GuiActuator",
            "AES70": "OcaBooleanActuator",
            "active": true,
            "label_inactive": "Sweep Auto OFF",
            "layout": { "height": 30, "sticky": "" },
            "Execute Command": {
              "message": ":SENSe:SWEep:TIME:AUTO OFF"
            }
          }
        }
      },
      "Video_Bandwidth_Auto": {
        "type": "OcaBlock",
        "fields": {
          "do_Video_Bandwidth_Auto_ON": {
            "type": "_GuiActuator",
            "AES70": "OcaBooleanActuator",
            "active": true,
            "label_inactive": "VBW Auto ON",
            "layout": { "height": 30, "sticky": "" },
            "Execute Command": {
              "message": ":SENSe:BANDwidth:VIDeo:AUTO ON"
            }
          },
          "do_Video_Bandwidth_Auto_OFF": {
            "type": "_GuiActuator",
            "AES70": "OcaBooleanActuator",
            "active": true,
            "label_inactive": "VBW Auto OFF",
            "layout": { "height": 30, "sticky": "" },
            "Execute Command": {
              "message": ":SENSe:BANDwidth:VIDeo:AUTO OFF"
            }
          }
        }
      },
      "Resolution_Bandwidth_Auto": {
        "type": "OcaBlock",
        "fields": {
          "Set_Resolution_Bandwidth_Auto_ON": {
            "type": "_GuiActuator",
            "AES70": "OcaBooleanActuator",
            "active": true,
            "label_inactive": "RBW Auto ON",
            "layout": { "height": 30, "sticky": "" },
            "Execute Command": {
              "message": ":SENSe:BANDwidth:RESolution:AUTO ON"
            }
          },
          "Set_Resolution_Bandwidth_Auto_OFF": {
            "type": "_GuiActuator",
            "AES70": "OcaBooleanActuator",
            "active": true,
            "label_inactive": "RBW Auto OFF",
            "layout": { "height": 30, "sticky": "" },
            "Execute Command": {
              "message": ":SENSe:BANDwidth:RESolution:AUTO OFF"
            }
          }
        }
      }
    }
  }
}