{"Instrument_Controls": {"type": "OcaBlock", "description": "Dynamic Controls for Elements", "fields": {"tutorial_introduction": {"title": "Welcome to the Dynamic GUI Builder Tutorial", "description": "This tutorial explains how to create dynamic GUIs using the JSON-based configuration system. The system recursively builds a user interface from a JSON file, allowing for complex and nested layouts of control elements.", "key_concepts": {"OcaBlock": "The fundamental building block. It's a container for other GUI elements or other OcaBlocks, creating a hierarchical structure. It's rendered as a labeled frame.", "fields": "An object within an OcaBlock that holds the nested elements.", "message_details": "An object that contains the message information for a specific device model.", "type": "A string that specifies the type of GUI element to be created."}}, "gui_element_types": {"title": "GUI Element Types", "description": "Here are the available GUI element types and their configurations.", "_OcaBlock": {"description": "A container for other elements. It creates a labeled frame.", "example": {"my_block": {"type": "OcaBlock", "description": "This is a container for other elements.", "fields": {}}}}, "_GuiActuator": {"description": "A button that triggers a message. The message is defined in the `message_details` of a parent `OcaBlock`.", "example": {"my_actuator_block": {"type": "OcaBlock", "message_details": {"MY_DEVICE_MODEL": {"type": "_GuiActuator", "trigger": false, "command_value": "SYSTEM:PRESET"}}, "fields": {}}}}, "_Value": {"description": "A non-editable field to display a value. This can be a static text or a value updated from a device.", "example": {"my_value": {"type": "_Value",
 "value": "Initial Value"}}}, "_sliderValue": {"description": "A slider with a corresponding value display. It is used to set a numerical value within a range.", "example": {"my_slider": {"type": "_sliderValue", "label_active": "My Slider", "value_default": 50, "value_min": 0, "value_max": 100, "value_increment": 1}}}, "_GuiButtonToggle": {"description": "A button that can be toggled on and off, representing a boolean state.", "example": {"my_toggle_button": {"type": "_GuiButtonToggle", "label_active": "Toggle Me", "label_inactive": "Toggle Me", "state_default": false}}}, "_GuiButtonToggler": {"description": "A button that cycles through a list of options.", "example": {"my_toggler_button": {"type": "_GuiButtonToggler", "options": ["Option 1", "Option 2", "Option 3"], "default_option": "Option 1"}}}, "_GuiDropDownOption": {"description": "A dropdown menu to select from a list of options.", "example": {"my_dropdown": {"type": "_GuiDropDownOption", "options": ["Choice A", "Choice B", "Choice C"], "default_option": "Choice A"}}}, "_GuiCheckbox": {"description": "A standard checkbox to represent a boolean state.", "example": {"my_checkbox": {"type": "_GuiCheckbox", "label_active": "Enable Feature", "state_default": true}}}, "_GuiListbox": {"description": "A listbox to display a list of items. Items can be selected.", "example": {"my_listbox": {"type": "_GuiListbox", "items": ["Item 1", "Item 2", "Item 3"], "default_selection": 0}}}, "_Label": {"description": "A simple text label.", "example": {"my_label": {"type": "_Label", "label_active": "This is a label"}}}, "_ProgressBar": {"description": "A progress bar to display the progress of a task. It can have units, min/max values, and a scale.", "example": {"my_progress_bar": {"type": "_ProgressBar", "label_active": "Download Progress", "value_default": 0, "min": 0, "max": 100, "units": "%"}}}, "_TextInput": {"description": "A single-line text input field for user-entered text.", "example": {"my_text_input": {"type": "_TextInput", "label_active": "Enter your name", "value_default": ""}}}, "_WebLink": {"description": "A clickable label that opens a URL in a web browser.", "example": {"my_web_link": {"type": "_WebLink", "label_active": "Visit our website", "url": "https://www.example.com"}}}, "_ImageDisplay": {"description": "A widget to display a static image.", "example": {"my_image": {"type": "_ImageDisplay", "label_active": "My Image", "image_path": "path/to/your/image.png"}}}, "_AnimationDisplay": {"description": "A widget to display a specific frame of a GIF animation based on an input value.", "example": {"my_animation": {"type": "_AnimationDisplay", "label_active": "My Animation", "gif_path": "path/to/your/animation.gif"}}}, "_VUMeter": {"description": "A VU meter to display a value on a scale with a red zone.", "example": {"my_vu_meter": {"type": "_VUMeter", "label_active": "Audio Level", "min": -20, "max": 3, "upper_range": 0, "value_default": -20}}}, "_Fader": {"description": "A vertical or horizontal slider for controlling a value, styled like a fader on a mixing console.", "example": {"my_fader": {"type": "_Fader", "label_active": "Volume", "min": 0, "max": 100, "value_default": 75, "orientation": "vertical"}}}, "_Knob": {"description": "A circular knob for controlling a value, like on an audio mixer.", "example": {"my_knob": {"type": "_Knob", "label_active": "Pan", "min": -100, "max": 100, "value_default": 0}}}, "_IncDecButtons": {"description": "A set of buttons to increment or decrement a numerical value.", "example": {"my_counter": {"type": "_IncDecButtons", "label_active": "Counter", "value_default": 0, "increment": 1}}}, "_DirectionalButtons": {"description": "A set of four buttons for directional control (Up, Down, Left, Right).", "example": {"my_directional_pad": {"type": "_DirectionalButtons", "label_active": "Move"}}}, "_CustomFader": {"description": "A custom-drawn fader for controlling a value.", "example": {"my_custom_fader": {"type": "_CustomFader", "label_active": "Custom Fader"}}}}, "layout_guide": {"title": "Layout Guide", "description": "The GUI builder primarily uses a vertical layout. However, you can simulate a horizontal layout by nesting OcaBlocks. The current version of the builder does not support a dedicated horizontal layout property, but you can achieve a similar effect by creating a main OcaBlock for each horizontal section.", "example": {"main_horizontal_layout": {"type": "OcaBlock", "description": "Main Layout", "fields": {"column_1": {"type": "OcaBlock", "description": "Column 1", "fields": {"item_1_1": {"type": "_Label", "label_active": "Item 1.1"}, "item_1_2": {"type": "_Label", "label_active": "Item 1.2"}}}, "column_2": {"type": "OcaBlock", "description": "Column 2", "fields": {"item_2_1": {"type": "_Label", "label_active": "Item 2.1"}, "item_2_2": {"type": "_Label", "label_active": "Item 2.2"}}}}}}}, "styling_guide": {"title": "Styling Guide", "description": "The look and feel of the application can be customized by editing the `display/styling/style.py` file. This file contains themes with color definitions for different widgets and states. You can modify the existing 'dark' and 'light' themes, or create your own themes. To change the default theme, modify the `DEFAULT_THEME` variable in `display/styling/style.py`.", "example_code": "In display/styling/style.py:\n\nDEFAULT_THEME = 'dark' # or 'light'\n\nTHEMES = {\n    'dark': {\n        'bg': '#2b2b2b',\n        'fg': '#dcdcdc',\n        ...\n    },\n    'light': {\n        ...\n    }\n}"}, "grouping_guide": {"title": "How to Group Elements", "description": "The `OcaBlock` is the primary way to group related GUI elements. By nesting `OcaBlock`s, you can create a clear and organized hierarchy in your user interface. Each `OcaBlock` is rendered as a labeled frame, providing a visual grouping for the elements it contains.", "example": {"my_settings_panel": {"type": "OcaBlock", "description": "My Settings", "fields": {"user_settings": {"type": "OcaBlock", "description": "User", "fields": {"name": {"type": "_TextInput", "label_active": "Name"}, "email": {"type": "_TextInput", "label_active": "Email"}}}, "application_settings": {"type": "OcaBlock", "description": "Application", "fields": {"theme": {"type": "_GuiDropDownOption", "options": ["Light", "Dark"], "label_active": "Theme"}}}}}}}, "control_devices_guide": {"title": "How to Build an Array of Control Devices", "description": "To control multiple devices, you can create an array of `OcaBlock`s, each with its own `message_details` for a specific device model. The GUI builder will select the appropriate `message_details` based on the connected device.", "example": {"trace_control": {"type": "OcaBlock", "description": "Trace Control for Multiple Devices", "message_details": {"MODEL-X1": {"type": "_GuiActuator", "trigger": false, "command_value": "TRACE:MODE MAX"}, "MODEL-X2": {"type": "_GuiActuator", "trigger": false, "command_value": "TRAC:MODE MAXH"}}, "fields": {}}}}, "message_messages_guide": {"title": "How to Build an Array of Messages", "description": "You can create complex commands with variable parts. Use `inputs` to define GUI elements that will provide values for the command string. Use `outputs` to display the data returned from the device.", "example": {"set_level": {"type": "OcaBlock", "message_details": {"MODEL-A": {"type": "_GuiActuator", "trigger": false, "command_value": "LEVEL:SET <level>"}, "MODEL-B": {"type": "_GuiActuator", "trigger": false, "command_value": "SET LEVEL <level>"}, "MODEL-C": {"type": "_GuiActuator", "trigger": false, "command_value": "LEVEL=<level>"}}, "fields": {"inputs": {"type": "OcaBlock", "fields": {"level": {"type": "_sliderValue", "value_default": 5, "value_min": 0, "value_max": 10, "value_increment": 1}}}, "outputs": {"type": "OcaBlock", "fields": {"status": {"type": "_Value",
 "value": "Command sent."}}}}}}}, "audio_console_example": {"title": "8-Channel Audio Console Example", "description": "This example demonstrates how to create an 8-channel audio console using faders, knobs, and VU meters.", "example": {"audio_console": {"type": "OcaBlock", "description": "8-Channel Audio Console", "fields": {"channel_1": {"type": "OcaBlock", "description": "Channel 1", "fields": {"vu_meter": {"type": "_VUMeter", "label_active": "Level"}, "fader": {"type": "_Fader", "label_active": "Volume"}, "pan": {"type": "_Knob", "label_active": "Pan"}}}, "channel_2": {"type": "OcaBlock", "description": "Channel 2", "fields": {"vu_meter": {"type": "_VUMeter", "label_active": "Level"}, "fader": {"type": "_Fader", "label_active": "Volume"}, "pan": {"type": "_Knob", "label_active": "Pan"}}}, "channel_3": {"type": "OcaBlock", "description": "Channel 3", "fields": {"vu_meter": {"type": "_VUMeter", "label_active": "Level"}, "fader": {"type": "_Fader", "label_active": "Volume"}, "pan": {"type": "_Knob", "label_active": "Pan"}}}, "channel_4": {"type": "OcaBlock", "description": "Channel 4", "fields": {"vu_meter": {"type": "_VUMeter", "label_active": "Level"}, "fader": {"type": "_Fader", "label_active": "Volume"}, "pan": {"type": "_Knob", "label_active": "Pan"}}}, "channel_5": {"type": "OcaBlock", "description": "Channel 5", "fields": {"vu_meter": {"type": "_VUMeter", "label_active": "Level"}, "fader": {"type": "_Fader", "label_active": "Volume"}, "pan": {"type": "_Knob", "label_active": "Pan"}}}, "channel_6": {"type": "OcaBlock", "description": "Channel 6", "fields": {"vu_meter": {"type": "_VUMeter", "label_active": "Level"}, "fader": {"type": "_Fader", "label_active": "Volume"}, "pan": {"type": "_Knob", "label_active": "Pan"}}}, "channel_7": {"type": "OcaBlock", "description": "Channel 7", "fields": {"vu_meter": {"type": "_VUMeter", "label_active": "Level"}, "fader": {"type": "_Fader", "label_active": "Volume"}, "pan": {"type": "_Knob", "label_active": "Pan"}}}, "channel_8": {"type": "OcaBlock", "description": "Channel 8", "fields": {"vu_meter": {"type": "_VUMeter", "label_active": "Level"}, "fader": {"type": "_Fader", "label_active": "Volume"}, "pan": {"type": "_Knob", "label_active": "Pan"}}}}}}}}}}