{
   "media_and_specialty": {
    "type": "OcaBlock",
    "description": "Media & Specialty Controls (3-Column Grid)",
    "layout_columns": 1,
    "fields": {

      "buttons_panel": {
        "type": "OcaBlock",
        "description": "Trapezoid Buttons",
        "fields": {
            "trap_button_red": { "type": "_TrapezoidButton", "label_active": "MOMENTARY", "color": "#8B0000", "led_color": "#FF4500", "latching": false },
            "trap_button_green": { "type": "_TrapezoidButton", "label_active": "LATCHING", "color": "#006400", "led_color": "#00FF00", "latching": true, "value_default": true },
            "trap_button_white_blue": { "type": "_TrapezoidButton", "label_active": "White/Blue", "color": "#E5E4E2", "led_color": "#0000FF", "latching": true },
            "trap_button_large": { "type": "_TrapezoidButton", "label_active": "Large", "color": "#4B0082", "led_color": "#9370DB", "latching": true, "width": 120, "height": 60 },
            "trap_button_small": { "type": "_TrapezoidButton", "label_active": "Small", "color": "#556B2F", "led_color": "#ADFF2F", "latching": true, "width": 60, "height": 35 },
            "momentary_grid": {
                "type": "OcaBlock",
                "description": "4x4 Momentary Grid",
                "layout_columns": 4,
                "fields": {
                    "btn_m_1": { "type": "_TrapezoidButton", "label_active": "1", "color": "#1A1A1A", "led_color": "#FF0000", "latching": false, "width": 40, "height": 30 },
                    "btn_m_2": { "type": "_TrapezoidButton", "label_active": "2", "color": "#1A1A1A", "led_color": "#FF0000", "latching": false, "width": 40, "height": 30 },
                    "btn_m_3": { "type": "_TrapezoidButton", "label_active": "3", "color": "#1A1A1A", "led_color": "#FF0000", "latching": false, "width": 40, "height": 30 },
                    "btn_m_4": { "type": "_TrapezoidButton", "label_active": "4", "color": "#1A1A1A", "led_color": "#FF0000", "latching": false, "width": 40, "height": 30 },
                    "btn_m_5": { "type": "_TrapezoidButton", "label_active": "5", "color": "#1A1A1A", "led_color": "#FF0000", "latching": false, "width": 40, "height": 30 },
                    "btn_m_6": { "type": "_TrapezoidButton", "label_active": "6", "color": "#1A1A1A", "led_color": "#FF0000", "latching": false, "width": 40, "height": 30 },
                    "btn_m_7": { "type": "_TrapezoidButton", "label_active": "7", "color": "#1A1A1A", "led_color": "#FF0000", "latching": false, "width": 40, "height": 30 },
                    "btn_m_8": { "type": "_TrapezoidButton", "label_active": "8", "color": "#1A1A1A", "led_color": "#FF0000", "latching": false, "width": 40, "height": 30 },
                    "btn_m_9": { "type": "_TrapezoidButton", "label_active": "9", "color": "#1A1A1A", "led_color": "#FF0000", "latching": false, "width": 40, "height": 30 },
                    "btn_m_10": { "type": "_TrapezoidButton", "label_active": "10", "color": "#1A1A1A", "led_color": "#FF0000", "latching": false, "width": 40, "height": 30 },
                    "btn_m_11": { "type": "_TrapezoidButton", "label_active": "11", "color": "#1A1A1A", "led_color": "#FF0000", "latching": false, "width": 40, "height": 30 },
                    "btn_m_12": { "type": "_TrapezoidButton", "label_active": "12", "color": "#1A1A1A", "led_color": "#FF0000", "latching": false, "width": 40, "height": 30 },
                    "btn_m_13": { "type": "_TrapezoidButton", "label_active": "13", "color": "#1A1A1A", "led_color": "#FF0000", "latching": false, "width": 40, "height": 30 },
                    "btn_m_14": { "type": "_TrapezoidButton", "label_active": "14", "color": "#1A1A1A", "led_color": "#FF0000", "latching": false, "width": 40, "height": 30 },
                    "btn_m_15": { "type": "_TrapezoidButton", "label_active": "15", "color": "#1A1A1A", "led_color": "#FF0000", "latching": false, "width": 40, "height": 30 },
                    "btn_m_16": { "type": "_TrapezoidButton", "label_active": "16", "color": "#1A1A1A", "led_color": "#FF0000", "latching": false, "width": 40, "height": 30 }
                }
            },
            "latching_grid_red": {
                "type": "OcaBlock",
                "description": "4x4 Latching Grid (Red)",
                "layout_columns": 4,
                "fields": {
                    "btn_l_1": { "type": "_TrapezoidButton", "label_active": "1", "color": "#8B0000", "led_color": "#000000", "latching": true, "width": 40, "height": 30 },
                    "btn_l_2": { "type": "_TrapezoidButton", "label_active": "2", "color": "#8B0000", "led_color": "#000000", "latching": true, "width": 40, "height": 30 },
                    "btn_l_3": { "type": "_TrapezoidButton", "label_active": "3", "color": "#8B0000", "led_color": "#000000", "latching": true, "width": 40, "height": 30 },
                    "btn_l_4": { "type": "_TrapezoidButton", "label_active": "4", "color": "#8B0000", "led_color": "#000000", "latching": true, "width": 40, "height": 30 },
                    "btn_l_5": { "type": "_TrapezoidButton", "label_active": "5", "color": "#8B0000", "led_color": "#000000", "latching": true, "width": 40, "height": 30 },
                    "btn_l_6": { "type": "_TrapezoidButton", "label_active": "6", "color": "#8B0000", "led_color": "#000000", "latching": true, "width": 40, "height": 30 },
                    "btn_l_7": { "type": "_TrapezoidButton", "label_active": "7", "color": "#8B0000", "led_color": "#000000", "latching": true, "width": 40, "height": 30 },
                    "btn_l_8": { "type": "_TrapezoidButton", "label_active": "8", "color": "#8B0000", "led_color": "#000000", "latching": true, "width": 40, "height": 30 },
                    "btn_l_9": { "type": "_TrapezoidButton", "label_active": "9", "color": "#8B0000", "led_color": "#000000", "latching": true, "width": 40, "height": 30 },
                    "btn_l_10": { "type": "_TrapezoidButton", "label_active": "10", "color": "#8B0000", "led_color": "#000000", "latching": true, "width": 40, "height": 30 },
                    "btn_l_11": { "type": "_TrapezoidButton", "label_active": "11", "color": "#8B0000", "led_color": "#000000", "latching": true, "width": 40, "height": 30 },
                    "btn_l_12": { "type": "_TrapezoidButton", "label_active": "12", "color": "#8B0000", "led_color": "#000000", "latching": true, "width": 40, "height": 30 },
                    "btn_l_13": { "type": "_TrapezoidButton", "label_active": "13", "color": "#8B0000", "led_color": "#000000", "latching": true, "width": 40, "height": 30 },
                    "btn_l_14": { "type": "_TrapezoidButton", "label_active": "14", "color": "#8B0000", "led_color": "#000000", "latching": true, "width": 40, "height": 30 },
                    "btn_l_15": { "type": "_TrapezoidButton", "label_active": "15", "color": "#8B0000", "led_color": "#000000", "latching": true, "width": 40, "height": 30 },
                    "btn_l_16": { "type": "_TrapezoidButton", "label_active": "16", "color": "#8B0000", "led_color": "#000000", "latching": true, "width": 40, "height": 30 }
                }
            },
            "toggler_grid_radio": {
                "type": "_TrapezoidButtonToggler",
                "label_active": "4x4 Radio Grid",
                "layout_columns": 4,
                "value_default": "btn_t_1",
                "color": "#00008B", 
                "led_color": "#00BFFF",
                "width": 40,
                "height": 30,
                "options": {
                    "btn_t_1": { "label_active": "1" }, "btn_t_2": { "label_active": "2" }, "btn_t_3": { "label_active": "3" }, "btn_t_4": { "label_active": "4" },
                    "btn_t_5": { "label_active": "5" }, "btn_t_6": { "label_active": "6" }, "btn_t_7": { "label_active": "7" }, "btn_t_8": { "label_active": "8" },
                    "btn_t_9": { "label_active": "9" }, "btn_t_10": { "label_active": "10" }, "btn_t_11": { "label_active": "11" }, "btn_t_12": { "label_active": "12" },
                    "btn_t_13": { "label_active": "13" }, "btn_t_14": { "label_active": "14" }, "btn_t_15": { "label_active": "15" }, "btn_t_16": { "label_active": "16" }
                }
            }
        }
      }
    }
  }
}