{"Instrument_Controls": {"type": "OcaBlock", "description": "Dynamic Controls for memory", "fields": {"Nab": {"Nab_Preset_Catalog": {"message_details": {"N9342CN": {"type": "_GuiActuator", "trigger": false, "message": ":MMEMory:CATalog? \"<preset_path>\" "}}, "Input": {"preset_path": {"value": "C:\\PRESETS\\", "type": "_GuiValue"}}, "Outputs": {"preset_catalog_list": {"value": "0", "type": "_GuiValue"}}}}, "Set": {"Set_stored_Preset": {"message_details": {"N9342CN": {"type": "_GuiActuator", "trigger": false, "message": ":MMEMory:LOAD STA,\"<preset_path><preset_fileName>\" "}}, "Input": {"preset_fileName": {"value": "14.STA", "type": "_GuiValue"}, "preset_path": {"value": "C:\\PRESETS\\", "type": "_GuiValue"}}}, "Do_Load_Preset": {"label_active": "Load Preset", "label_inactive": "Load Preset", "message_details": {"N9342CN": {"type": "_GuiActuator", "trigger": false, "message": ":MMEMory:LOAD:STATe"}}, "Input": {"preset_number": {"value": "0", "type": "_GuiValue"}}}}}}}