{
  "nab": {
    "type": "OcaBlock",
    "description": "DMM Measurements",
    "fields": {
      "Measure_One_Shot": {
        "type": "OcaBlock",
        "description": "Configure and Measure immediately",
        "fields": {
          "Measure_DC_Voltage": {
            "type": "OcaBlock",
            "description": "Measure DC Voltage",
            "fields": {
              "Execute Command": {
                "type": "_GuiActuator",
                "AES70": "OcaBooleanActuator",
                "active": true,
                "message": ":MEASure:VOLTage:DC? <range>,<resolution>",
                "layout": { "height": 30, "sticky": "" }
              },
              "Input": {
                "type": "OcaBlock",
                "fields": {
                  "range": { "value": "AUTO", "type": "_GuiValue" },
                  "resolution": { "value": "DEF", "type": "_GuiValue" }
                }
              },
              "Outputs": {
                "type": "OcaBlock",
                "fields": {
                  "reading": { "value": "Measured Value", "type": "_GuiValue" }
                }
              }
            }
          },
          "Measure_AC_Voltage": {
            "type": "OcaBlock",
            "description": "Measure AC Voltage",
            "fields": {
              "Execute Command": {
                "type": "_GuiActuator",
                "AES70": "OcaBooleanActuator",
                "active": true,
                "message": ":MEASure:VOLTage:AC? <range>,<resolution>",
                "layout": { "height": 30, "sticky": "" }
              },
              "Input": {
                "type": "OcaBlock",
                "fields": {
                  "range": { "value": "AUTO", "type": "_GuiValue" },
                  "resolution": { "value": "DEF", "type": "_GuiValue" }
                }
              },
              "Outputs": {
                "type": "OcaBlock",
                "fields": {
                  "reading": { "value": "Measured Value", "type": "_GuiValue" }
                }
              }
            }
          },
          "Measure_DC_Current": {
            "type": "OcaBlock",
            "description": "Measure DC Current",
            "fields": {
              "Execute Command": {
                "type": "_GuiActuator",
                "AES70": "OcaBooleanActuator",
                "active": true,
                "message": ":MEASure:CURRent:DC? <range>,<resolution>",
                "layout": { "height": 30, "sticky": "" }
              },
              "Input": {
                "type": "OcaBlock",
                "fields": {
                  "range": { "value": "AUTO", "type": "_GuiValue" },
                  "resolution": { "value": "DEF", "type": "_GuiValue" }
                }
              },
              "Outputs": {
                "type": "OcaBlock",
                "fields": {
                  "reading": { "value": "Measured Value", "type": "_GuiValue" }
                }
              }
            }
          },
          "Measure_Resistance_2Wire": {
            "type": "OcaBlock",
            "description": "Measure Resistance (2W)",
            "fields": {
              "Execute Command": {
                "type": "_GuiActuator",
                "AES70": "OcaBooleanActuator",
                "active": true,
                "message": ":MEASure:RESistance? <range>,<resolution>",
                "layout": { "height": 30, "sticky": "" }
              },
              "Input": {
                "type": "OcaBlock",
                "fields": {
                  "range": { "value": "AUTO", "type": "_GuiValue" },
                  "resolution": { "value": "DEF", "type": "_GuiValue" }
                }
              },
              "Outputs": {
                "type": "OcaBlock",
                "fields": {
                  "reading": { "value": "Measured Value", "type": "_GuiValue" }
                }
              }
            }
          },
          "Measure_Frequency": {
            "type": "OcaBlock",
            "description": "Measure Frequency",
            "fields": {
              "Execute Command": {
                "type": "_GuiActuator",
                "AES70": "OcaBooleanActuator",
                "active": true,
                "message": ":MEASure:FREQuency? <range>,<resolution>",
                "layout": { "height": 30, "sticky": "" }
              },
              "Input": {
                "type": "OcaBlock",
                "fields": {
                  "range": { "value": "AUTO", "type": "_GuiValue" },
                  "resolution": { "value": "DEF", "type": "_GuiValue" }
                }
              },
              "Outputs": {
                "type": "OcaBlock",
                "fields": {
                  "reading": { "value": "Measured Value", "type": "_GuiValue" }
                }
              }
            }
          }
        }
      },
      "Read_Data": {
        "type": "OcaBlock",
        "description": "Fetch data after INITiate",
        "fields": {
          "Read_Next": {
            "type": "OcaBlock",
            "fields": {
              "Execute Command": {
                "type": "_GuiActuator",
                "AES70": "OcaBooleanActuator",
                "active": true,
                "message": ":READ?",
                "layout": { "height": 30, "sticky": "" }
              },
              "Outputs": {
                "type": "OcaBlock",
                "fields": {
                  "reading": { "value": "Buffer Value", "type": "_GuiValue" }
                }
              }
            }
          },
          "Fetch_Existing": {
            "type": "OcaBlock",
            "fields": {
              "Execute Command": {
                "type": "_GuiActuator",
                "AES70": "OcaBooleanActuator",
                "active": true,
                "message": ":FETCh?",
                "layout": { "height": 30, "sticky": "" }
              },
              "Outputs": {
                "type": "OcaBlock",
                "fields": {
                  "reading": { "value": "Stored Value", "type": "_GuiValue" }
                }
              }
            }
          }
        }
      },
      "Math_Readbacks": {
        "type": "OcaBlock",
        "description": "Statistics and Calc Results",
        "fields": {
          "Query_Average": {
            "type": "OcaBlock",
            "fields": {
              "Execute Command": {
                "type": "_GuiActuator",
                "AES70": "OcaBooleanActuator",
                "active": true,
                "message": ":CALCulate:AVERage:AVERage?",
                "layout": { "height": 30, "sticky": "" }
              },
              "Outputs": {
                "type": "OcaBlock",
                "fields": {
                  "result": { "value": "Average", "type": "_GuiValue" }
                }
              }
            }
          },
          "Query_Max": {
            "type": "OcaBlock",
            "fields": {
              "Execute Command": {
                "type": "_GuiActuator",
                "AES70": "OcaBooleanActuator",
                "active": true,
                "message": ":CALCulate:AVERage:MAXimum?",
                "layout": { "height": 30, "sticky": "" }
              },
              "Outputs": {
                "type": "OcaBlock",
                "fields": {
                  "result": { "value": "Max", "type": "_GuiValue" }
                }
              }
            }
          },
          "Query_Min": {
            "type": "OcaBlock",
            "fields": {
              "Execute Command": {
                "type": "_GuiActuator",
                "AES70": "OcaBooleanActuator",
                "active": true,
                "message": ":CALCulate:AVERage:MINimum?",
                "layout": { "height": 30, "sticky": "" }
              },
              "Outputs": {
                "type": "OcaBlock",
                "fields": {
                  "result": { "value": "Min", "type": "_GuiValue" }
                }
              }
            }
          }
        }
      }
    }
  },
  "rig": {
    "type": "OcaBlock",
    "description": "DMM Configuration (No Trigger)",
    "fields": {
      "Configure_Functions": {
        "type": "OcaBlock",
        "description": "Preset meter for specific function",
        "fields": {
          "Config_DC_Volts": {
            "type": "OcaBlock",
            "fields": {
              "Execute Command": {
                "type": "_GuiActuator",
                "AES70": "OcaBooleanActuator",
                "active": true,
                "message": ":CONFigure:VOLTage:DC <range>,<resolution>",
                "layout": { "height": 30, "sticky": "" }
              },
              "Input": {
                "type": "OcaBlock",
                "fields": {
                  "range": { "value": "AUTO", "type": "_GuiValue" },
                  "resolution": { "value": "DEF", "type": "_GuiValue" }
                }
              }
            }
          },
          "Config_AC_Volts": {
            "type": "OcaBlock",
            "fields": {
              "Execute Command": {
                "type": "_GuiActuator",
                "AES70": "OcaBooleanActuator",
                "active": true,
                "message": ":CONFigure:VOLTage:AC <range>,<resolution>",
                "layout": { "height": 30, "sticky": "" }
              },
              "Input": {
                "type": "OcaBlock",
                "fields": {
                  "range": { "value": "AUTO", "type": "_GuiValue" },
                  "resolution": { "value": "DEF", "type": "_GuiValue" }
                }
              }
            }
          },
          "Config_Resistance_4Wire": {
            "type": "OcaBlock",
            "fields": {
              "Execute Command": {
                "type": "_GuiActuator",
                "AES70": "OcaBooleanActuator",
                "active": true,
                "message": ":CONFigure:FRESistance <range>,<resolution>",
                "layout": { "height": 30, "sticky": "" }
              },
              "Input": {
                "type": "OcaBlock",
                "fields": {
                  "range": { "value": "AUTO", "type": "_GuiValue" },
                  "resolution": { "value": "DEF", "type": "_GuiValue" }
                }
              }
            }
          },
          "Config_Temperature": {
            "type": "OcaBlock",
            "fields": {
              "Execute Command": {
                "type": "_GuiActuator",
                "AES70": "OcaBooleanActuator",
                "active": true,
                "message": ":CONFigure:TEMPerature <probe_type>,<sensor_type>",
                "layout": { "height": 30, "sticky": "" }
              },
              "Input": {
                "type": "OcaBlock",
                "fields": {
                  "probe_type": { "value": "TCouple", "type": "_GuiValue" },
                  "sensor_type": { "value": "K", "type": "_GuiValue" }
                }
              }
            }
          }
        }
      },
      "Configure_Math": {
        "type": "OcaBlock",
        "description": "Math and Limits Setup",
        "fields": {
          "Set_Math_Function": {
            "type": "OcaBlock",
            "fields": {
              "Execute Command": {
                "type": "_GuiActuator",
                "AES70": "OcaBooleanActuator",
                "active": true,
                "message": ":CALCulate:FUNCtion <function>",
                "layout": { "height": 30, "sticky": "" }
              },
              "Input": {
                "type": "OcaBlock",
                "fields": {
                  "function": { "value": "NULL", "type": "_GuiValue" }
                }
              }
            }
          },
          "Enable_Math": {
            "type": "OcaBlock",
            "fields": {
              "Execute Command": {
                "type": "_GuiActuator",
                "AES70": "OcaBooleanActuator",
                "active": true,
                "message": ":CALCulate:STATe <state>",
                "layout": { "height": 30, "sticky": "" }
              },
              "Input": {
                "type": "OcaBlock",
                "fields": {
                  "state": { "value": "ON", "type": "_GuiValue" }
                }
              }
            }
          },
          "Set_Null_Offset": {
            "type": "OcaBlock",
            "fields": {
              "Execute Command": {
                "type": "_GuiActuator",
                "AES70": "OcaBooleanActuator",
                "active": true,
                "message": ":CALCulate:NULL:OFFSet <value>",
                "layout": { "height": 30, "sticky": "" }
              },
              "Input": {
                "type": "OcaBlock",
                "fields": {
                  "value": { "value": "0", "type": "_GuiValue" }
                }
              }
            }
          },
          "Set_dB_Ref": {
            "type": "OcaBlock",
            "fields": {
              "Execute Command": {
                "type": "_GuiActuator",
                "AES70": "OcaBooleanActuator",
                "active": true,
                "message": ":CALCulate:DB:REFerence <value>",
                "layout": { "height": 30, "sticky": "" }
              },
              "Input": {
                "type": "OcaBlock",
                "fields": {
                  "value": { "value": "0", "type": "_GuiValue" }
                }
              }
            }
          },
          "Set_dBm_Ref": {
            "type": "OcaBlock",
            "fields": {
              "Execute Command": {
                "type": "_GuiActuator",
                "AES70": "OcaBooleanActuator",
                "active": true,
                "message": ":CALCulate:DBM:REFerence <value>",
                "layout": { "height": 30, "sticky": "" }
              },
              "Input": {
                "type": "OcaBlock",
                "fields": {
                  "value": { "value": "600", "type": "_GuiValue" }
                }
              }
            }
          }
        }
      },
      "Configure_Triggering": {
        "type": "OcaBlock",
        "description": "Setup Trigger Model",
        "fields": {
          "Set_Trigger_Source": {
            "type": "OcaBlock",
            "fields": {
              "Execute Command": {
                "type": "_GuiActuator",
                "AES70": "OcaBooleanActuator",
                "active": true,
                "message": ":TRIGger:SOURce <source>",
                "layout": { "height": 30, "sticky": "" }
              },
              "Input": {
                "type": "OcaBlock",
                "fields": {
                  "source": { "value": "IMMediate", "type": "_GuiValue" }
                }
              }
            }
          },
          "Set_Trigger_Delay": {
            "type": "OcaBlock",
            "fields": {
              "Execute Command": {
                "type": "_GuiActuator",
                "AES70": "OcaBooleanActuator",
                "active": true,
                "message": ":TRIGger:DELay <delay>",
                "layout": { "height": 30, "sticky": "" }
              },
              "Input": {
                "type": "OcaBlock",
                "fields": {
                  "delay": { "value": "0", "type": "_GuiValue" }
                }
              }
            }
          },
          "Set_Sample_Count": {
            "type": "OcaBlock",
            "fields": {
              "Execute Command": {
                "type": "_GuiActuator",
                "AES70": "OcaBooleanActuator",
                "active": true,
                "message": ":SAMPle:COUNt <count>",
                "layout": { "height": 30, "sticky": "" }
              },
              "Input": {
                "type": "OcaBlock",
                "fields": {
                  "count": { "value": "1", "type": "_GuiValue" }
                }
              }
            }
          },
          "Set_Trigger_Count": {
            "type": "OcaBlock",
            "fields": {
              "Execute Command": {
                "type": "_GuiActuator",
                "AES70": "OcaBooleanActuator",
                "active": true,
                "message": ":TRIGger:COUNt <count>",
                "layout": { "height": 30, "sticky": "" }
              },
              "Input": {
                "type": "OcaBlock",
                "fields": {
                  "count": { "value": "1", "type": "_GuiValue" }
                }
              }
            }
          }
        }
      }
    }
  },
  "set": {
    "type": "OcaBlock",
    "description": "Individual Parameters",
    "fields": {
      "Set_Range_and_Resolution": {
        "type": "OcaBlock",
        "fields": {
          "Set_DCV_Range": {
            "type": "OcaBlock",
            "fields": {
              "Execute Command": {
                "type": "_GuiActuator",
                "AES70": "OcaBooleanActuator",
                "active": true,
                "message": ":SENSe:VOLTage:DC:RANGe <range>",
                "layout": { "height": 30, "sticky": "" }
              },
              "Input": {
                "type": "OcaBlock",
                "fields": {
                  "range": { "value": "10", "type": "_GuiValue" }
                }
              }
            }
          },
          "Set_Integration_NPLC": {
            "type": "OcaBlock",
            "fields": {
              "Execute Command": {
                "type": "_GuiActuator",
                "AES70": "OcaBooleanActuator",
                "active": true,
                "message": ":SENSe:VOLTage:DC:NPLC <nplc>",
                "layout": { "height": 30, "sticky": "" }
              },
              "Input": {
                "type": "OcaBlock",
                "fields": {
                  "nplc": { "value": "10", "type": "_GuiValue" }
                }
              }
            }
          }
        }
      },
      "Set_Input_Characteristics": {
        "type": "OcaBlock",
        "fields": {
          "Set_Input_Impedance": {
            "type": "OcaBlock",
            "fields": {
              "Execute Command": {
                "type": "_GuiActuator",
                "AES70": "OcaBooleanActuator",
                "active": true,
                "message": ":INPut:IMPedance:AUTO <state>",
                "layout": { "height": 30, "sticky": "" }
              },
              "Input": {
                "type": "OcaBlock",
                "fields": {
                  "state": { "value": "ON", "type": "_GuiValue" }
                }
              }
            }
          },
          "Set_AC_Bandwidth": {
            "type": "OcaBlock",
            "fields": {
              "Execute Command": {
                "type": "_GuiActuator",
                "AES70": "OcaBooleanActuator",
                "active": true,
                "message": ":SENSe:VOLTage:AC:BANDwidth <filter>",
                "layout": { "height": 30, "sticky": "" }
              },
              "Input": {
                "type": "OcaBlock",
                "fields": {
                  "filter": { "value": "20", "type": "_GuiValue" }
                }
              }
            }
          }
        }
      }
    }
  },
  "Do": {
    "type": "OcaBlock",
    "description": "Actions and Toggles",
    "fields": {
      "Measurement_Control": {
        "type": "OcaBlock",
        "fields": {
          "Initiate": {
            "type": "_GuiActuator",
            "AES70": "OcaBooleanActuator",
            "active": true,
            "label_inactive": "INIT",
            "Execute Command": { "message": ":INITiate" }
          },
          "Abort": {
            "type": "_GuiActuator",
            "AES70": "OcaBooleanActuator",
            "active": true,
            "label_inactive": "ABORT",
            "Execute Command": { "message": ":ABORt" }
          },
          "Reset_Device": {
            "type": "_GuiActuator",
            "AES70": "OcaBooleanActuator",
            "active": true,
            "label_inactive": "*RST",
            "Execute Command": { "message": "*RST" }
          },
          "Clear_Status": {
            "type": "_GuiActuator",
            "AES70": "OcaBooleanActuator",
            "active": true,
            "label_inactive": "*CLS",
            "Execute Command": { "message": "*CLS" }
          }
        }
      },
      "System_Toggles": {
        "type": "OcaBlock",
        "fields": {
          "Auto_Zero_ON": {
            "type": "_GuiActuator",
            "AES70": "OcaBooleanActuator",
            "active": true,
            "label_inactive": "Auto Zero ON",
            "Execute Command": { "message": ":SENSe:ZERO:AUTO ON" }
          },
          "Auto_Zero_OFF": {
            "type": "_GuiActuator",
            "AES70": "OcaBooleanActuator",
            "active": true,
            "label_inactive": "Auto Zero OFF",
            "Execute Command": { "message": ":SENSe:ZERO:AUTO OFF" }
          },
          "Display_Text": {
            "type": "OcaBlock",
            "fields": {
              "Execute Command": {
                "type": "_GuiActuator",
                "AES70": "OcaBooleanActuator",
                "active": true,
                "message": ":DISPlay:TEXT <string>",
                "layout": { "height": 30, "sticky": "" }
              },
              "Input": {
                "type": "OcaBlock",
                "fields": {
                  "string": { "value": "\"HELLO\"", "type": "_GuiValue" }
                }
              }
            }
          },
          "Clear_Display": {
            "type": "_GuiActuator",
            "AES70": "OcaBooleanActuator",
            "active": true,
            "label_inactive": "Clear Text",
            "Execute Command": { "message": ":DISPlay:TEXT:CLEar" }
          }
        }
      },
      "System_Utilities": {
        "type": "OcaBlock",
        "description": "IDN and Error Checks",
        "fields": {
          "Read_IDN": {
            "type": "OcaBlock",
            "fields": {
              "Execute Command": {
                "type": "_GuiActuator",
                "AES70": "OcaBooleanActuator",
                "active": true,
                "message": "*IDN?",
                "layout": { "height": 30, "sticky": "" }
              },
              "Outputs": {
                "type": "OcaBlock",
                "fields": {
                  "idn_string": { "value": "Device ID", "type": "_GuiValue" }
                }
              }
            }
          },
          "Read_Error": {
            "type": "OcaBlock",
            "fields": {
              "Execute Command": {
                "type": "_GuiActuator",
                "AES70": "OcaBooleanActuator",
                "active": true,
                "message": ":SYSTem:ERRor?",
                "layout": { "height": 30, "sticky": "" }
              },
              "Outputs": {
                "type": "OcaBlock",
                "fields": {
                  "error_msg": { "value": "Error Message", "type": "_GuiValue" }
                }
              }
            }
          }
        }
      }
    }
  }
}