Instrument,File,Tab,Panel,Block,Control,Widget type,Binding,YAK verb,YAK command,sub_path,input_name,converter,Literal SCPI,yak_domain,Readout
DMM,instrument,,DMM_Instrument,DMM_Main_Station / Visual_Telemetry_Sector,Primary_Readout,_GuiLabel,readout only,,,,,,READ?,,yes
DMM,instrument,,DMM_Instrument,DMM_Main_Station / Visual_Telemetry_Sector,Trend_Graph,_GuiGraph,literal SCPI,,,,,,DATA:POINts? ALL,,
DMM,instrument,,DMM_Instrument,DMM_Main_Station / Mode_Matrix_Voltage,Mode_VDC,_GuiButtonToggle,yak_handler,do,Select_DC_Volts,DMM,,,CONF:VOLT:DC,,
DMM,instrument,,DMM_Instrument,DMM_Main_Station / Mode_Matrix_Voltage,Mode_VAC,_GuiButtonToggle,yak_handler,do,Select_AC_Volts,DMM,,,CONF:VOLT:AC,,
DMM,instrument,,DMM_Instrument,DMM_Main_Station / Mode_Matrix_Current,Mode_ADC,_GuiButtonToggle,yak_handler,do,Select_DC_Current,DMM,,,CONF:CURR:DC,,
DMM,instrument,,DMM_Instrument,DMM_Main_Station / Mode_Matrix_Current,Mode_AAC,_GuiButtonToggle,yak_handler,do,Select_AC_Current,DMM,,,CONF:CURR:AC,,
DMM,instrument,,DMM_Instrument,DMM_Main_Station / Mode_Matrix_Impedance,Mode_RES,_GuiButtonToggle,yak_handler,do,Select_Resistance_2W,DMM,,,CONF:RES,,
DMM,instrument,,DMM_Instrument,DMM_Main_Station / Mode_Matrix_Impedance,Mode_FRES,_GuiButtonToggle,yak_handler,do,Select_Resistance_4W,DMM,,,CONF:FRES,,
DMM,instrument,,DMM_Instrument,DMM_Main_Station / Mode_Matrix_Impedance,Mode_CONT,_GuiButtonToggle,yak_handler,do,Select_Continuity,DMM,,,CONF:CONT,,
DMM,instrument,,DMM_Instrument,DMM_Main_Station / Mode_Matrix_Impedance,Mode_DIODE,_GuiButtonToggle,yak_handler,do,Select_Diode,DMM,,,CONF:DIOD,,
DMM,instrument,,DMM_Instrument,DMM_Main_Station / Precision_Dynamics,Auto_Range_Toggle,_GuiButtonToggle,yak_handler,set,Set_Autorange,DMM,state,bool_on_off,RANG:AUTO <value>,,
DMM,instrument,,DMM_Instrument,DMM_Main_Station / Precision_Dynamics,Manual_Range_Knob,_GuiHorizontalKnob,yak_handler,set,Set_DCV_Range,DMM,range,,RANG <value>,,
DMM,instrument,,DMM_Instrument,DMM_Main_Station / Precision_Dynamics,Integration_Time,_GuiHorizontalKnob,yak_handler,set,Set_Integration_NPLC,DMM,nplc,,SENS:VOLT:NPLC <value>,,
DMM,instrument,,DMM_Instrument,DMM_Main_Station / Data_Acquisition,Trigger_Read,_TrapezoidButton,yak_handler,nab,Read_Next,DMM,,,READ?,,
DMM,instrument,,DMM_Instrument,DMM_Main_Station / Data_Acquisition,Run_Monitoring,_GuiButtonToggle,literal SCPI,,,,,,INIT,,
DMM,N instruments,,DMM_Unit_${n},DMM_Unit_${n} / Measurement_Type,measure_func,_GuiDropDownOption,literal SCPI,,,,,,FUNC '<value>',,
DMM,N instruments,,DMM_Unit_${n},DMM_Unit_${n} / Read_Value,read_button,_GuiActuator,literal SCPI,,,,,,READ?,,
DMM,N instruments,,DMM_Unit_${n},DMM_Unit_${n} / Read_Value,display_value,_Value,unbound,,,,,,,,
DMM,N instruments,,DMM_Unit_${n},Master_Control,Global_Refresh,_TrapezoidButton,literal SCPI,,,,,,READ:ALL?,,
Distortion,instrument,,Distortion_Instrument,DC_Load_Panel / Mode_Control,mode_set,_GuiDropDownOption,literal SCPI,,,,,,MODE <value>,,
Distortion,instrument,,Distortion_Instrument,DC_Load_Panel / Value_Control,set_value,_TextInput,literal SCPI,,,,,,<current_mode_command> <value>,,
Distortion,instrument,,Distortion_Instrument,DC_Load_Panel / Input_Control,input_enable,_GuiButtonToggle,literal SCPI,,,,,,INPUT <state>,,
Generator,instrument,,Generator_Instrument,nab / Read_Current_Setup / Get_Apply_String,Execute Command,_GuiActuator,yak_handler,nab,Get_Apply_String,Generator,,,,,
Generator,instrument,,Generator_Instrument,nab / Read_Current_Setup / Get_Apply_String / Outputs,config_string,_GuiValue,unbound,,,,,,,,
Generator,instrument,,Generator_Instrument,nab / Read_Current_Setup / Get_Output_State,Execute Command,_GuiActuator,yak_handler,nab,Get_Output_State,Generator,,,,,
Generator,instrument,,Generator_Instrument,nab / Read_Current_Setup / Get_Output_State / Outputs,is_on,_GuiValue,unbound,,,,,,,,
Generator,instrument,,Generator_Instrument,nab / Read_Current_Setup / Get_Error_Queue,Execute Command,_GuiActuator,yak_handler,nab,Get_Error_Queue,Generator,,,,,
Generator,instrument,,Generator_Instrument,nab / Read_Current_Setup / Get_Error_Queue / Outputs,error_msg,_GuiValue,unbound,,,,,,,,
Generator,instrument,,Generator_Instrument,rig / Quick_Setup_Apply / Apply_Sine,Execute Command,_GuiActuator,yak_handler,rig,Apply_Sine,Generator,freq,,,,
Generator,instrument,,Generator_Instrument,rig / Quick_Setup_Apply / Apply_Sine / Input,freq,_GuiValue,unbound,,,,,,,,
Generator,instrument,,Generator_Instrument,rig / Quick_Setup_Apply / Apply_Sine / Input,amp,_Value,unbound,,,,,,,,
Generator,instrument,,Generator_Instrument,rig / Quick_Setup_Apply / Apply_Sine / Input,offset,_Value,unbound,,,,,,,,
Generator,instrument,,Generator_Instrument,rig / Quick_Setup_Apply / Apply_Square,Execute Command,_GuiActuator,yak_handler,rig,Apply_Square,Generator,freq,,,,
Generator,instrument,,Generator_Instrument,rig / Quick_Setup_Apply / Apply_Square / Input,freq,_GuiValue,unbound,,,,,,,,
Generator,instrument,,Generator_Instrument,rig / Quick_Setup_Apply / Apply_Square / Input,amp,_GuiValue,unbound,,,,,,,,
Generator,instrument,,Generator_Instrument,rig / Quick_Setup_Apply / Apply_Square / Input,offset,_GuiValue,unbound,,,,,,,,
Generator,instrument,,Generator_Instrument,rig / Quick_Setup_Apply / Apply_Pulse,Execute Command,_GuiActuator,yak_handler,rig,Apply_Pulse,Generator,freq,,,,
Generator,instrument,,Generator_Instrument,rig / Quick_Setup_Apply / Apply_Pulse / Input,freq,_GuiValue,unbound,,,,,,,,
Generator,instrument,,Generator_Instrument,rig / Quick_Setup_Apply / Apply_Pulse / Input,amp,_GuiValue,unbound,,,,,,,,
Generator,instrument,,Generator_Instrument,rig / Quick_Setup_Apply / Apply_Pulse / Input,offset,_GuiValue,unbound,,,,,,,,
Generator,instrument,,Generator_Instrument,rig / Modulation_Setup / Setup_AM,Execute Command,_GuiActuator,yak_handler,rig,Setup_AM,Generator,shape,,,,
Generator,instrument,,Generator_Instrument,rig / Modulation_Setup / Setup_AM / Input,shape,_Value,unbound,,,,,,,,
Generator,instrument,,Generator_Instrument,rig / Modulation_Setup / Setup_AM / Input,freq,_Value,unbound,,,,,,,,
Generator,instrument,,Generator_Instrument,rig / Modulation_Setup / Setup_AM / Input,depth,_Value,unbound,,,,,,,,
Generator,instrument,,Generator_Instrument,rig / Modulation_Setup / Setup_Pulse_Width,Execute Command,_GuiActuator,yak_handler,rig,Setup_Pulse_Width,Generator,width_sec,,,,
Generator,instrument,,Generator_Instrument,rig / Modulation_Setup / Setup_Pulse_Width / Input,width_sec,_GuiValue,unbound,,,,,,,,
Generator,instrument,,Generator_Instrument,set / Set_Main_Parameters / Set_Frequency,Execute Command,_GuiActuator,yak_handler,set,Set_Frequency,Generator,freq,,,,
Generator,instrument,,Generator_Instrument,set / Set_Main_Parameters / Set_Frequency / Input,freq,_GuiValue,unbound,,,,,,,,
Generator,instrument,,Generator_Instrument,set / Set_Main_Parameters / Set_Amplitude,Execute Command,_GuiActuator,yak_handler,set,Set_Amplitude,Generator,amp,,,,
Generator,instrument,,Generator_Instrument,set / Set_Main_Parameters / Set_Amplitude / Input,amp,_Value,unbound,,,,,,,,
Generator,instrument,,Generator_Instrument,set / Set_Main_Parameters / Set_Offset,Execute Command,_GuiActuator,yak_handler,set,Set_Offset,Generator,offset,,,,
Generator,instrument,,Generator_Instrument,set / Set_Main_Parameters / Set_Offset / Input,offset,_GuiValue,unbound,,,,,,,,
Generator,instrument,,Generator_Instrument,set / Set_Main_Parameters / Set_Function_Shape,Execute Command,_GuiActuator,yak_handler,set,Set_Function_Shape,Generator,shape,,,,
Generator,instrument,,Generator_Instrument,set / Set_Main_Parameters / Set_Function_Shape / Input,shape,_Value,unbound,,,,,,,,
Generator,instrument,,Generator_Instrument,set / Set_Units_Load / Set_Output_Load,Execute Command,_GuiActuator,yak_handler,set,Set_Output_Load,Generator,ohms,,,,
Generator,instrument,,Generator_Instrument,set / Set_Units_Load / Set_Output_Load / Input,ohms,_Value,unbound,,,,,,,,
Generator,instrument,,Generator_Instrument,set / Set_Units_Load / Set_Voltage_Unit,Execute Command,_GuiActuator,yak_handler,set,Set_Voltage_Unit,Generator,unit,,,,
Generator,instrument,,Generator_Instrument,Do / Output_Control,Output_ON,_GuiActuator,unbound,,,,,,,,
Generator,instrument,,Generator_Instrument,Do / Output_Control,Output_OFF,_GuiActuator,unbound,,,,,,,,
Generator,instrument,,Generator_Instrument,Do / Output_Control,Sync_ON,_GuiActuator,unbound,,,,,,,,
Generator,instrument,,Generator_Instrument,Do / Output_Control,Sync_OFF,_GuiActuator,unbound,,,,,,,,
Generator,instrument,,Generator_Instrument,Do / Modulation_Control,AM_State_ON,_GuiActuator,unbound,,,,,,,,
Generator,instrument,,Generator_Instrument,Do / Modulation_Control,AM_State_OFF,_GuiActuator,unbound,,,,,,,,
Generator,instrument,,Generator_Instrument,Do / Modulation_Control,FM_State_ON,_GuiActuator,unbound,,,,,,,,
Generator,instrument,,Generator_Instrument,Do / Modulation_Control,FM_State_OFF,_GuiActuator,unbound,,,,,,,,
Generator,instrument,,Generator_Instrument,Do / System_Actions,Trigger_Immediate,_GuiActuator,unbound,,,,,,,,
Generator,instrument,,Generator_Instrument,Do / System_Actions,Reset_Device,_GuiActuator,unbound,,,,,,,,
Generator,instrument,,Generator_Instrument,Do / System_Actions,Clear_Text,_GuiActuator,unbound,,,,,,,,
LCR,instrument,,LCR_Instrument,DC_Load_Station / Activation_Sector,Master_Input_Switch,_TrapezoidButton,literal SCPI,,,,,,INP <state>,,
LCR,instrument,,LCR_Instrument,DC_Load_Station / Telemetry_Deck,Meter_Volts,_NeedleVUMeter,literal SCPI,,,,,,MEAS:VOLT?,,
LCR,instrument,,LCR_Instrument,DC_Load_Station / Telemetry_Deck,Meter_Amps,_NeedleVUMeter,literal SCPI,,,,,,MEAS:CURR?,,
LCR,instrument,,LCR_Instrument,DC_Load_Station / Telemetry_Deck,Meter_Watts,_NeedleVUMeter,literal SCPI,,,,,,MEAS:POW?,,
LCR,instrument,,LCR_Instrument,DC_Load_Station / History_Sector,Load_Graph,_GuiGraph,literal SCPI,,,,,,MEAS:ALL?,,
LCR,instrument,,LCR_Instrument,DC_Load_Station / Mode_Logic_Sector,Mode_Selector,_GuiDropDownOption,literal SCPI,,,,,,MODE <value>,,
LCR,instrument,,LCR_Instrument,DC_Load_Station / Control_Banks / CC_Controls,Set_Current,_GuiHorizontalKnob,literal SCPI,,,,,,CURR <value>,,
LCR,instrument,,LCR_Instrument,DC_Load_Station / Control_Banks / CC_Controls,Set_Slew,_GuiHorizontalKnob,literal SCPI,,,,,,CURR:SLEW <value>,,
LCR,instrument,,LCR_Instrument,DC_Load_Station / Control_Banks / CV_CR_Controls,Set_Voltage,_GuiHorizontalKnob,literal SCPI,,,,,,VOLT <value>,,
LCR,instrument,,LCR_Instrument,DC_Load_Station / Control_Banks / CV_CR_Controls,Set_Resistance,_GuiHorizontalKnob,literal SCPI,,,,,,RES <value>,,
LCR,instrument,,LCR_Instrument,DC_Load_Station / Transient_Lab,Trans_Enable,_GuiButtonToggle,literal SCPI,,,,,,TRAN:STAT <value>,,
LCR,instrument,,LCR_Instrument,DC_Load_Station / Transient_Lab,Level_A,_GuiHorizontalKnob,literal SCPI,,,,,,CURR:LEV <value>,,
LCR,instrument,,LCR_Instrument,DC_Load_Station / Transient_Lab,Level_B,_GuiHorizontalKnob,literal SCPI,,,,,,CURR:TLEV <value>,,
LCR,instrument,,LCR_Instrument,DC_Load_Station / Transient_Lab,Pulse_Freq,_GuiHorizontalKnob,literal SCPI,,,,,,TRAN:FREQ <value>,,
LCR,instrument,,LCR_Instrument,DC_Load_Station / Transient_Lab,Pulse_Duty,_GuiHorizontalKnob,literal SCPI,,,,,,TRAN:DCYC <value>,,
Load,instrument,,Load_Instrument,DC_Load_Station / Activation_Sector,Master_Input_Switch,_TrapezoidButton,literal SCPI,,,,,,INP <state>,,
Load,instrument,,Load_Instrument,DC_Load_Station / Telemetry_Deck,Meter_Volts,_NeedleVUMeter,literal SCPI,,,,,,MEAS:VOLT?,,
Load,instrument,,Load_Instrument,DC_Load_Station / Telemetry_Deck,Meter_Amps,_NeedleVUMeter,literal SCPI,,,,,,MEAS:CURR?,,
Load,instrument,,Load_Instrument,DC_Load_Station / Telemetry_Deck,Meter_Watts,_NeedleVUMeter,literal SCPI,,,,,,MEAS:POW?,,
Load,instrument,,Load_Instrument,DC_Load_Station / History_Sector,Load_Graph,_GuiGraph,literal SCPI,,,,,,MEAS:ALL?,,
Load,instrument,,Load_Instrument,DC_Load_Station / Mode_Logic_Sector,Mode_Selector,_GuiDropDownOption,literal SCPI,,,,,,MODE <value>,,
Load,instrument,,Load_Instrument,DC_Load_Station / Control_Banks / CC_Controls,Set_Current,_GuiHorizontalKnob,literal SCPI,,,,,,CURR <value>,,
Load,instrument,,Load_Instrument,DC_Load_Station / Control_Banks / CC_Controls,Set_Slew,_GuiHorizontalKnob,literal SCPI,,,,,,CURR:SLEW <value>,,
Load,instrument,,Load_Instrument,DC_Load_Station / Control_Banks / CV_CR_Controls,Set_Voltage,_GuiHorizontalKnob,literal SCPI,,,,,,VOLT <value>,,
Load,instrument,,Load_Instrument,DC_Load_Station / Control_Banks / CV_CR_Controls,Set_Resistance,_GuiHorizontalKnob,literal SCPI,,,,,,RES <value>,,
Load,instrument,,Load_Instrument,DC_Load_Station / Transient_Lab,Trans_Enable,_GuiButtonToggle,literal SCPI,,,,,,TRAN:STAT <value>,,
Load,instrument,,Load_Instrument,DC_Load_Station / Transient_Lab,Level_A,_GuiHorizontalKnob,literal SCPI,,,,,,CURR:LEV <value>,,
Load,instrument,,Load_Instrument,DC_Load_Station / Transient_Lab,Level_B,_GuiHorizontalKnob,literal SCPI,,,,,,CURR:TLEV <value>,,
Load,instrument,,Load_Instrument,DC_Load_Station / Transient_Lab,Pulse_Freq,_GuiHorizontalKnob,literal SCPI,,,,,,TRAN:FREQ <value>,,
Load,instrument,,Load_Instrument,DC_Load_Station / Transient_Lab,Pulse_Duty,_GuiHorizontalKnob,literal SCPI,,,,,,TRAN:DCYC <value>,,
Oscilloscope,instrument,Scope,Scope,Oscilloscope_Main_Station / Display_Sector,Device_Identity,_TextInput,literal SCPI,,,,,,SYST:NAME <value>,,
Oscilloscope,instrument,Scope,Scope,Oscilloscope_Main_Station / Display_Sector,Main_Graph_Display,_GuiGraph,literal SCPI,,,,,,DISP:DATA?,,
Oscilloscope,instrument,Scope,Scope,Oscilloscope_Main_Station / Horizontal_Control_Deck,Time_Div,_GuiHorizontalKnob,literal SCPI,,,,,,TIM:SCAL <value>,,
Oscilloscope,instrument,Scope,Scope,Oscilloscope_Main_Station / Horizontal_Control_Deck,Time_Offset,_GuiHorizontalKnob,literal SCPI,,,,,,TIM:OFFS <value>,,
Oscilloscope,instrument,Scope,Scope,Oscilloscope_Main_Station / Trigger_Systems,Trigger_Level,_GuiHorizontalKnob,literal SCPI,,,,,,TRIG:LEV <value>,,
Oscilloscope,instrument,Scope,Scope,Oscilloscope_Main_Station / Trigger_Systems,Trigger_Edge_Toggle,_GuiButtonToggle,literal SCPI,,,,,,TRIG:SLOP <value>,,
Oscilloscope,instrument,Scope,Scope,Oscilloscope_Main_Station / Trigger_Systems,Force_Trigger,_TrapezoidButton,literal SCPI,,,,,,TRIG:FORC,,
Oscilloscope,instrument,Scope,Scope,Oscilloscope_Main_Station / Acquisition_Main,Run_Stop_Toggle,_GuiButtonToggle,literal SCPI,,,,,,ACQ:STATE <value>,,
Oscilloscope,instrument,Scope,Scope,Oscilloscope_Main_Station / Acquisition_Main,Single_Shot,_GuiButton,literal SCPI,,,,,,ACQ:MOD SING;RUN,,
Oscilloscope,instrument,Math,Math,Oscilloscope_Main_Station / Display_Sector,Device_Identity,_TextInput,literal SCPI,,,,,,SYST:NAME <value>,,
Oscilloscope,instrument,Math,Math,Oscilloscope_Main_Station / Display_Sector,Main_Graph_Display,_GuiGraph,literal SCPI,,,,,,DISP:DATA?,,
Oscilloscope,instrument,Math,Math,Oscilloscope_Main_Station / Vertical_Control_Deck_Ch1,Ch1_Enable,_GuiButtonToggle,literal SCPI,,,,,,CHAN1:STAT <value>,,
Oscilloscope,instrument,Math,Math,Oscilloscope_Main_Station / Vertical_Control_Deck_Ch1,Ch1_Volts_Div,_GuiHorizontalKnob,literal SCPI,,,,,,CHAN1:SCAL <value>,,
Oscilloscope,instrument,Math,Math,Oscilloscope_Main_Station / Vertical_Control_Deck_Ch2,Ch2_Enable,_GuiButtonToggle,literal SCPI,,,,,,CHAN2:STAT <value>,,
Oscilloscope,instrument,Math,Math,Oscilloscope_Main_Station / Vertical_Control_Deck_Ch2,Ch2_Volts_Div,_GuiHorizontalKnob,literal SCPI,,,,,,CHAN2:SCAL <value>,,
Oscilloscope,instrument,Math,Math,Oscilloscope_Main_Station / Math_Control_Deck,Math_Enable,_GuiButtonToggle,literal SCPI,,,,,,MATH:DISP <value>,,
Oscilloscope,instrument,Math,Math,Oscilloscope_Main_Station / Math_Control_Deck,Math_Operation,_GuiDropDownOption,literal SCPI,,,,,,MATH:OPER <value>,,
Oscilloscope,instrument,Math,Math,Oscilloscope_Main_Station / Math_Control_Deck,Math_Scale,_GuiHorizontalKnob,literal SCPI,,,,,,MATH:SCAL <value>,,
Oscilloscope,instrument,Math,Math,Oscilloscope_Main_Station / Math_Control_Deck,Math_Offset,_GuiHorizontalKnob,literal SCPI,,,,,,MATH:OFFS <value>,,
Oscilloscope,instrument,Math,Math,Oscilloscope_Main_Station / FFT_Special_Deck,FFT_Window,_GuiDropDownOption,literal SCPI,,,,,,MATH:FFT:WIND <value>,,
Oscilloscope,instrument,Math,Math,Oscilloscope_Main_Station / FFT_Special_Deck,FFT_Center,_GuiHorizontalKnob,literal SCPI,,,,,,MATH:FFT:CENT <value>,,
Oscilloscope,instrument,Math,Math,Oscilloscope_Main_Station / FFT_Special_Deck,FFT_Span,_GuiHorizontalKnob,literal SCPI,,,,,,MATH:FFT:SPAN <value>,,
Oscilloscope,instrument,Math,Math,Oscilloscope_Main_Station / Horizontal_Control_Deck,Time_Div,_GuiHorizontalKnob,literal SCPI,,,,,,TIM:SCAL <value>,,
Oscilloscope,instrument,Math,Math,Oscilloscope_Main_Station / Trigger_Systems,Trigger_Source,_GuiDropDownOption,literal SCPI,,,,,,TRIG:SOUR <value>,,
Oscilloscope,instrument,Math,Math,Oscilloscope_Main_Station / Trigger_Systems,Trigger_Level,_GuiHorizontalKnob,literal SCPI,,,,,,TRIG:LEV <value>,,
Oscilloscope,instrument,Math,Math,Oscilloscope_Main_Station / Acquisition_Main,Run_Stop_Toggle,_GuiButtonToggle,literal SCPI,,,,,,ACQ:STATE <value>,,
Oscilloscope,instrument,Math,Math,Oscilloscope_Main_Station / Acquisition_Main,Single_Shot,_GuiButton,literal SCPI,,,,,,ACQ:MOD SING;RUN,,
Oscilloscope,N instruments,,Oscilloscope_Unit_${n},Channel_${n} / Vertical_Control_Deck,Ch${n}_Volts_Div,_GuiHorizontalKnob,literal SCPI,,,,,,CHAN${n}:SCAL <value>,,
Oscilloscope,N instruments,,Oscilloscope_Unit_${n},Channel_${n} / Vertical_Control_Deck,Ch${n}_Offset,_GuiHorizontalKnob,literal SCPI,,,,,,CHAN${n}:OFFS <value>,,
Oscilloscope,N instruments,,Oscilloscope_Unit_${n},Channel_${n} / Vertical_Control_Deck,Coupling_Mode,_GuiDropDownOption,literal SCPI,,,,,,CHAN${n}:COUP <value>,,
Oscilloscope,N instruments,,Oscilloscope_Unit_${n},Channel_${n} / Telemetry_Readout,Read_Vpp,_GuiLabel,literal SCPI,,,,,,MEAS:VPP?,,
Oscilloscope,N instruments,,Oscilloscope_Unit_${n},Channel_${n} / Telemetry_Readout,Read_Vrms,_GuiLabel,literal SCPI,,,,,,MEAS:VRMS?,,
Oscilloscope,N instruments,,Oscilloscope_Unit_${n},Channel_${n} / Telemetry_Readout,Read_Freq,_GuiLabel,literal SCPI,,,,,,MEAS:FREQ?,,
Oscilloscope,N instruments,,Oscilloscope_Unit_${n},Channel_${n} / Telemetry_Readout,Read_dB,_GuiLabel,literal SCPI,,,,,,MEAS:DB?,,
Power,instrument,,Power_Instrument,PSU_Reactor_Interface / Top_Level_Interlock,Master_Output_Switch,_TrapezoidButton,literal SCPI,,,,,,OUTP <state>,,
Power,instrument,,Power_Instrument,PSU_Reactor_Interface / Analog_Telemetry_Deck,Meter_Voltage,_NeedleVUMeter,literal SCPI,,,,,,MEAS:VOLT?,,
Power,instrument,,Power_Instrument,PSU_Reactor_Interface / Analog_Telemetry_Deck,Meter_Current,_NeedleVUMeter,literal SCPI,,,,,,MEAS:CURR?,,
Power,instrument,,Power_Instrument,PSU_Reactor_Interface / Analog_Telemetry_Deck,Meter_Power,_NeedleVUMeter,literal SCPI,,,,,,MEAS:POW?,,
Power,instrument,,Power_Instrument,PSU_Reactor_Interface / Visual_History_Sector,Power_History,_GuiGraph,literal SCPI,,,,,,MEAS:SCAL:ALL?,,
Power,instrument,,Power_Instrument,PSU_Reactor_Interface / Reactor_Control_Rods,Voltage_Fader,_GuiVerticalFader,literal SCPI,,,,,,VOLT <value>,,
Power,instrument,,Power_Instrument,PSU_Reactor_Interface / Reactor_Control_Rods,Current_Fader,_GuiVerticalFader,literal SCPI,,,,,,CURR <value>,,
Power,N instruments,,Power_Unit_${n},PSU_Module_${n} / Voltage_Control,voltage_set,_TextInput,literal SCPI,,,,,,VOLT <value>,volt,
Power,N instruments,,Power_Unit_${n},PSU_Module_${n} / Current_Control,current_set,_TextInput,literal SCPI,,,,,,CURR <value>,curr,
Power,N instruments,,Power_Unit_${n},PSU_Module_${n} / Output_Control,output_enable,_GuiButtonToggle,literal SCPI,,,,,,OUTP <state>,,
Power,N instruments,,Power_Unit_${n},Global_Logger_Deck,Master_Log_Switch,_TrapezoidButton,literal SCPI,,,,,,SYST:LOG:STATE <state>,,
Power,N instruments,,Power_Unit_${n},Master_Override_Deck,Global_Kill_Switch,_TrapezoidButton,literal SCPI,,,,,,OUTP:ALL <state>,,
Router,instrument,Coax,left,Card_000_Coax_Routing,Main_IO_Toggler,_GuiButtonToggler,yak_handler,set,Set_Relay_Card9,Routing,relay_id,int,,,
Router,instrument,Coax,left,Card_000_Coax_Routing,Scopes_Toggler,_GuiButtonToggler,yak_handler,set,Set_Relay_Card9,Routing,relay_id,int,,,
Router,instrument,Coax,Right,Card_001_Coax_Routing,Main_IO_Toggler,_GuiButtonToggler,yak_handler,set,Set_Relay_Card9,Routing,relay_id,int,,,
Router,instrument,Coax,Right,Card_001_Coax_Routing,Scopes_Toggler,_GuiButtonToggler,yak_handler,set,Set_Relay_Card9,Routing,relay_id,int,,,
Router,instrument,EDAC_1_12,EDAC_1_12,Card_4_Snake_Interface,Bus_AB0_Left_Out,_GuiButtonToggler,yak_handler,set,Set_Relay_Card4,Routing,relay_id,int,,,
Router,instrument,EDAC_1_12,EDAC_1_12,Card_4_Snake_Interface,Bus_AB2_Right_Out,_GuiButtonToggler,yak_handler,set,Set_Relay_Card4,Routing,relay_id,int,,,
Router,instrument,EDAC_1_12,EDAC_1_12,Card_4_Snake_Interface,Bus_AB1_Left_In,_GuiButtonToggler,yak_handler,set,Set_Relay_Card4,Routing,relay_id,int,,,
Router,instrument,EDAC_1_12,EDAC_1_12,Card_4_Snake_Interface,Bus_AB3_Right_In,_GuiButtonToggler,yak_handler,set,Set_Relay_Card4,Routing,relay_id,int,,,
Router,instrument,EDAC_1_12,EDAC_13_24,Card_5_Snake_Interface,Bus_AB0_Left_Out,_GuiButtonToggler,yak_handler,set,Set_Relay_Card4,Routing,relay_id,int,,,
Router,instrument,EDAC_1_12,EDAC_13_24,Card_5_Snake_Interface,Bus_AB2_Right_Out,_GuiButtonToggler,yak_handler,set,Set_Relay_Card4,Routing,relay_id,int,,,
Router,instrument,EDAC_1_12,EDAC_13_24,Card_5_Snake_Interface,Bus_AB1_Left_In,_GuiButtonToggler,yak_handler,set,Set_Relay_Card4,Routing,relay_id,int,,,
Router,instrument,EDAC_1_12,EDAC_13_24,Card_5_Snake_Interface,Bus_AB3_Right_In,_GuiButtonToggler,yak_handler,set,Set_Relay_Card4,Routing,relay_id,int,,,
Router,instrument,EDAC_1_12,EDAC_25_36,Card_6_Snake_Interface,Bus_AB0_Left_Out,_GuiButtonToggler,yak_handler,set,Set_Relay_Card5,Routing,relay_id,int,,,
Router,instrument,EDAC_1_12,EDAC_25_36,Card_6_Snake_Interface,Bus_AB2_Right_Out,_GuiButtonToggler,yak_handler,set,Set_Relay_Card5,Routing,relay_id,int,,,
Router,instrument,EDAC_1_12,EDAC_25_36,Card_6_Snake_Interface,Bus_AB1_Left_In,_GuiButtonToggler,yak_handler,set,Set_Relay_Card5,Routing,relay_id,int,,,
Router,instrument,EDAC_1_12,EDAC_25_36,Card_6_Snake_Interface,Bus_AB3_Right_In,_GuiButtonToggler,yak_handler,set,Set_Relay_Card5,Routing,relay_id,int,,,
Router,instrument,Peripherals,Peripherals,Card_8_Peripheral_Interface,Bus_AB00_Periph_Left_Out,_GuiButtonToggler,yak_handler,set,Set_Relay_Card8,Routing,relay_id,int,,,
Router,instrument,Peripherals,Peripherals,Card_8_Peripheral_Interface,Bus_AB02_Periph_Right_Out,_GuiButtonToggler,yak_handler,set,Set_Relay_Card8,Routing,relay_id,int,,,
Router,instrument,Peripherals,Peripherals,Card_8_Peripheral_Interface,Bus_AB01_Periph_Left_In,_GuiButtonToggler,yak_handler,set,Set_Relay_Card8,Routing,relay_id,int,,,
Router,instrument,Peripherals,Peripherals,Card_8_Peripheral_Interface,Bus_AB03_Periph_Right_In,_GuiButtonToggler,yak_handler,set,Set_Relay_Card8,Routing,relay_id,int,,,
Router,instrument,Peripherals,Test_Gear,Card_7_Snake_Interface,Bus_AB0_Left_Out,_GuiButtonToggler,yak_handler,set,Set_Relay_Card7,Routing,relay_id,int,,,
Router,instrument,Peripherals,Test_Gear,Card_7_Snake_Interface,Bus_AB2_Right_Out,_GuiButtonToggler,yak_handler,set,Set_Relay_Card7,Routing,relay_id,int,,,
Router,instrument,Peripherals,Test_Gear,Card_7_Snake_Interface,Bus_AB1_Left_In,_GuiButtonToggler,yak_handler,set,Set_Relay_Card7,Routing,relay_id,int,,,
Router,instrument,Peripherals,Test_Gear,Card_7_Snake_Interface,Bus_AB3_Right_In,_GuiButtonToggler,yak_handler,set,Set_Relay_Card7,Routing,relay_id,int,,,
Spectrum,instrument,amplitude,amplitude,Pre Amp,preamp_on,_GuiButtonToggle,yak_handler,set,Set_Power_Gain,Amplitude,state_bool,bool_to_int,,,
Spectrum,instrument,amplitude,amplitude,Pre Amp,high_sensitivity_on,_GuiButtonToggle,,,,Amplitude,state_bool,bool_to_int,# UNSUPPORTED - no High Sensitivity SCPI on N9340B firmware A.02.07 - probed 2026-08-07 with 11 spellings and no reply - binding blanked so this row stops asserting a command that does not exist,,
Spectrum,instrument,amplitude,amplitude,Reference Level,REFERENCE_LEVEL_dropdown,_GuiDropDownOption,yak_handler,set,Set_Reference_Level,Amplitude,dbm_value,float,,,
Spectrum,instrument,amplitude,amplitude,Reference Level,ref_level_dBm,_Horizontal_with_dial_Value,yak_handler,set,Set_Reference_Level,Amplitude,dbm_value,float,,,
Spectrum,instrument,amplitude,amplitude,Reference Level,fader_config,_GuiFaderHorizontal,unbound,,,,,,,,
Spectrum,instrument,amplitude,amplitude,Reference Level,dial_config,_GuiKnob,unbound,,,,,,,,
Spectrum,instrument,amplitude,amplitude,Attenuation,POWER_ATTENUATION,_GuiDropDownOption,yak_handler,set,Set_Power_Attenuation,Amplitude,db_value,float,,,
Spectrum,instrument,amplitude,amplitude,Attenuation,power_attenuation_dB,_Horizontal_with_dial_Value,yak_handler,set,Set_Power_Attenuation,Amplitude,db_value,float,,,
Spectrum,instrument,amplitude,amplitude,Attenuation,fader_config,_GuiFaderHorizontal,unbound,,,,,,,,
Spectrum,instrument,amplitude,amplitude,Attenuation,dial_config,_GuiKnob,unbound,,,,,,,,
Spectrum,instrument,bandwidth,bandwidth,Resolution Bandwidth,RBW,_Horizontal_with_dial_Value,yak_handler,set,Set_RBW,Bandwidth,hz_value,mhz_to_hz,,,
Spectrum,instrument,bandwidth,bandwidth,Resolution Bandwidth,fader_config,_GuiFaderHorizontal,unbound,,,,,,,,
Spectrum,instrument,bandwidth,bandwidth,Resolution Bandwidth,dial_config,_GuiKnob,unbound,,,,,,,,
Spectrum,instrument,bandwidth,bandwidth,Resolution Bandwidth,Resolution Band Width,_GuiButtonToggler,yak_handler,set,Set_RBW,Bandwidth,hz_value,mhz_to_hz,,,
Spectrum,instrument,bandwidth,bandwidth,Video Bandwidth,vbw_MHz,_Horizontal_with_dial_Value,yak_handler,set,Set_VBW,Bandwidth,hz_value,mhz_to_hz,,,
Spectrum,instrument,bandwidth,bandwidth,Video Bandwidth,fader_config,_GuiFaderHorizontal,unbound,,,,,,,,
Spectrum,instrument,bandwidth,bandwidth,Video Bandwidth,dial_config,_GuiKnob,unbound,,,,,,,,
Spectrum,instrument,bandwidth,bandwidth,Video Bandwidth,Video Band Width ,_GuiButtonToggler,yak_handler,set,Set_VBW,Bandwidth,hz_value,khz_to_hz,,,
Spectrum,instrument,bandwidth,bandwidth,Video Bandwidth,VBW_Automatic,_GuiButtonToggle,yak_handler,set,Set_VBW_Auto,Bandwidth,state_bool,bool_to_int,,,
Spectrum,instrument,bandwidth,bandwidth,Sweep Time,sweep_time_setting,_Horizontal_with_dial_Value,yak_handler,set,Set_Sweep_time,Bandwidth,s_value,float,,,
Spectrum,instrument,bandwidth,bandwidth,Sweep Time,fader_config,_GuiFaderHorizontal,unbound,,,,,,,,
Spectrum,instrument,bandwidth,bandwidth,Sweep Time,dial_config,_GuiKnob,unbound,,,,,,,,
Spectrum,instrument,frequency,frequency,Frequency,center_freq_MHz,_Horizontal_with_dial_Value,yak_handler,set,Set_Center_Freq_MHz,Frequency,hz_value,mhz_to_hz,,,
Spectrum,instrument,frequency,frequency,Frequency,span_freq_MHz,_Horizontal_with_dial_Value,yak_handler,set,Set_Span_Frequency,Frequency,hz_value,mhz_to_hz,,,
Spectrum,instrument,frequency,frequency,Start Stop,start_freq_MHz,_Horizontal_with_dial_Value,yak_handler,set,Set_Start_Freq_MHz,Frequency,hz_value,mhz_to_hz,,,
Spectrum,instrument,frequency,frequency,Start Stop,stop_freq_MHz,_Horizontal_with_dial_Value,yak_handler,set,Set_Stop_Freq_MHz,Frequency,hz_value,mhz_to_hz,,,
Spectrum,instrument,frequency,frequency,Quick Span,Span,_GuiButtonToggler,yak_handler,set,Set_Span_Frequency,Frequency,hz_value,mhz_to_hz,,,
Spectrum,instrument,markers,markers,All Marker On,All_Markers_On,_GuiButtonToggle,yak_handler,set,Set_All_Markers_State,Markers,state_bool,bool_to_int,,,
Spectrum,instrument,markers,markers,Marker 1,Active,_GuiCheckbox,yak_handler,set,Set_Marker_State,Markers,state_bool,bool_to_int,,,
Spectrum,instrument,markers,markers,Marker 1,X_MHz,_Value,yak_handler,set,Set_Marker_X_position,Markers,hz_value,mhz_to_hz,,,
Spectrum,instrument,markers,markers,Marker 1,Y_dBm,_Label,unbound,,,,,,,,
Spectrum,instrument,markers,markers,Marker 2,Active,_GuiCheckbox,yak_handler,set,Set_Marker_State,Markers,state_bool,bool_to_int,,,
Spectrum,instrument,markers,markers,Marker 2,X_MHz,_Value,yak_handler,set,Set_Marker_X_position,Markers,hz_value,mhz_to_hz,,,
Spectrum,instrument,markers,markers,Marker 2,Y_dBm,_Label,unbound,,,,,,,,
Spectrum,instrument,markers,markers,Marker 3,Active,_GuiCheckbox,yak_handler,set,Set_Marker_State,Markers,state_bool,bool_to_int,,,
Spectrum,instrument,markers,markers,Marker 3,X_MHz,_Value,yak_handler,set,Set_Marker_X_position,Markers,hz_value,mhz_to_hz,,,
Spectrum,instrument,markers,markers,Marker 3,Y_dBm,_Label,unbound,,,,,,,,
Spectrum,instrument,markers,markers,Marker 4,Active,_GuiCheckbox,yak_handler,set,Set_Marker_State,Markers,state_bool,bool_to_int,,,
Spectrum,instrument,markers,markers,Marker 4,X_MHz,_Value,yak_handler,set,Set_Marker_X_position,Markers,hz_value,mhz_to_hz,,,
Spectrum,instrument,markers,markers,Marker 4,Y_dBm,_Label,unbound,,,,,,,,
Spectrum,instrument,markers,markers,Marker 5,Active,_GuiCheckbox,yak_handler,set,Set_Marker_State,Markers,state_bool,bool_to_int,,,
Spectrum,instrument,markers,markers,Marker 5,X_MHz,_Value,yak_handler,set,Set_Marker_X_position,Markers,hz_value,mhz_to_hz,,,
Spectrum,instrument,markers,markers,Marker 5,Y_dBm,_Label,unbound,,,,,,,,
Spectrum,instrument,markers,markers,Marker 6,Active,_GuiCheckbox,yak_handler,set,Set_Marker_State,Markers,state_bool,bool_to_int,,,
Spectrum,instrument,markers,markers,Marker 6,X_MHz,_Value,yak_handler,set,Set_Marker_X_position,Markers,hz_value,mhz_to_hz,,,
Spectrum,instrument,markers,markers,Marker 6,Y_dBm,_Label,unbound,,,,,,,,
Spectrum,instrument,traces,traces,Trace 1,TRACE_MODE_1,_GuiDropDownOption,yak_handler,set,Set_Trace_Mode,Trace,mode_string,string,,,
Spectrum,instrument,traces,traces,Trace 2,TRACE_MODE_2,_GuiDropDownOption,yak_handler,set,Set_Trace_Mode,Trace,mode_string,string,,,
Spectrum,instrument,traces,traces,Trace 3,TRACE_MODE_3,_GuiDropDownOption,yak_handler,set,Set_Trace_Mode,Trace,mode_string,string,,,
Spectrum,instrument,traces,traces,Trace 4,TRACE_MODE_4,_GuiDropDownOption,yak_handler,set,Set_Trace_Mode,Trace,mode_string,string,,,
Spectrum,instrument,traces,traces,Continuous,CONTINUOUS_MODE,_GuiButtonToggle,yak_handler,set,Set_Continuous_Mode,Trace,state_bool,bool_to_int,,,
Spectrum,instrument,traces,traces,Continuous,initiate_continuous_on,_GuiActuator,yak_handler,do,Do_Initiate_Continuous,Trace,,,,,
Spectrum,instrument,traces,traces,Averaging,AVERAGING,_GuiButtonToggler,yak_handler,set,Set_Averaging,Trace,count_int,int,,,
