{
    "Quadratic_Plot": {
        "type": "plot_widget",
        "title": "Quadratic Function (x^2)",
        "show_title": true, "show_grid": true, "show_x_axis": true, "show_y_axis": true,
        "enable_zoom": true, "enable_hover": true, "enable_pan": true,
        "bg_color": "match_theme",
        "datasets": [{"id": "x_squared", "initial_csv_data": "x,y\n-10,100\n-8,64\n-6,36\n-4,16\n-2,4\n0,0\n2,4\n4,16\n6,36\n8,64\n10,100"}],
        "layout": {"height": 400}
    },
    "Cubic_Plot": {
        "type": "plot_widget",
        "title": "Cubic Function (x^3)",
        "show_title": true, "show_grid": true, "show_x_axis": true, "show_y_axis": true,
        "enable_zoom": true, "enable_hover": true, "enable_pan": true,
        "bg_color": "match_theme",
        "datasets": [{"id": "x_cubed", "initial_csv_data": "x,y\n-5,-125\n-4,-64\n-3,-27\n-2,-8\n-1,-1\n0,0\n1,1\n2,8\n3,27\n4,64\n5,125"}],
        "layout": {"height": 400}
    },
    "Square_Root_Plot": {
        "type": "plot_widget",
        "title": "Square Root Function",
        "show_title": true, "show_grid": true, "show_x_axis": true, "show_y_axis": true,
        "enable_zoom": true, "enable_hover": true, "enable_pan": true,
        "bg_color": "match_theme",
        "datasets": [{"id": "sqrt_x", "initial_csv_data": "x,y\n0,0\n1,1\n4,2\n9,3\n16,4\n25,5"}],
        "layout": {"height": 400}
    },
    "Matrix_Scatter": {
        "type": "plot_widget",
        "title": "Matrix Rain",
        "show_title": false, "show_grid": false, "show_x_axis": false, "show_y_axis": false,
        "enable_zoom": true, "enable_hover": true, "enable_pan": true,
        "bg_color": "black",
        "datasets": [{"id": "matrix_dots", "initial_csv_data": "x,y\n0.1,0.9\n0.2,0.8\n0.3,0.95\n0.4,0.7\n0.5,0.85\n0.6,0.6\n0.7,0.75\n0.8,0.5\n0.9,0.65", "style": {"marker": "$0$", "color": "#00FF00", "line_style": "None"}}],
        "layout": {"height": 400}
    },
    "Step_Plot": {
        "type": "plot_widget",
        "title": "Step Plot",
        "show_title": true, "show_grid": true, "show_x_axis": true, "show_y_axis": true,
        "enable_zoom": true, "enable_hover": true, "enable_pan": true,
        "bg_color": "match_theme",
        "datasets": [{"id": "step_data", "initial_csv_data": "x,y\n0,1\n1,3\n2,2\n3,5\n4,4", "style": {"drawstyle": "steps-mid"}}],
        "layout": {"height": 400}
    },
    "Inverse_Plot": {
        "type": "plot_widget",
        "title": "Inverse Function (1/x)",
        "show_title": true, "show_grid": true, "show_x_axis": true, "show_y_axis": true,
        "enable_zoom": true, "enable_hover": true, "enable_pan": true,
        "bg_color": "match_theme",
        "datasets": [{"id": "inverse_x", "initial_csv_data": "x,y\n-4,-0.25\n-3,-0.33\n-2,-0.5\n-1,-1\n1,1\n2,0.5\n3,0.33\n4,0.25"}],
        "layout": {"height": 400}
    },
    "Random_Walk": {
        "type": "plot_widget",
        "title": "Random Walk",
        "show_title": true, "show_grid": true, "show_x_axis": true, "show_y_axis": true,
        "enable_zoom": true, "enable_hover": true, "enable_pan": true,
        "bg_color": "#2c3e50",
        "datasets": [{"id": "random", "initial_csv_data": "x,y\n0,0\n1,1\n2,-1\n3,0\n4,2\n5,1\n6,0\n7,-1\n8,1\n9,0", "style": {"line_color": "#e74c3c"}}],
        "layout": {"height": 400}
    },
    "Pulse_Train": {
        "type": "plot_widget",
        "title": "Pulse Train",
        "show_title": true, "show_grid": true, "show_x_axis": true, "show_y_axis": true,
        "enable_zoom": true, "enable_hover": true, "enable_pan": true,
        "bg_color": "match_theme",
        "datasets": [{"id": "pulses", "initial_csv_data": "x,y\n0,0\n0,1\n1,1\n1,0\n2,0\n2,1\n3,1\n3,0\n4,0\n4,1\n5,1\n5,0", "style": {"line_color": "#9b59b6"}}],
        "layout": {"height": 400}
    },
    "Damped_Sine_Wave": {
        "type": "plot_widget",
        "title": "Damped Sine Wave",
        "show_title": true, "show_grid": true, "show_x_axis": true, "show_y_axis": true,
        "enable_zoom": true, "enable_hover": true, "enable_pan": true,
        "bg_color": "match_theme",
        "datasets": [{"id": "damped_sine", "initial_csv_data": "x,y\n0,1\n1,0.36\n2,-0.13\n3,-0.05\n4,0.02\n5,-0.007\n6,0.002", "style": {"line_color": "#3498db"}}],
        "layout": {"height": 400}
    },
    "Another_Log_Plot": {
        "type": "plot_widget",
        "title": "Another Log Plot",
        "show_title": true, "show_grid": true, "show_x_axis": true, "show_y_axis": true,
        "enable_zoom": true, "enable_hover": true, "enable_pan": true,
        "bg_color": "match_theme",
        "axis": { "y": { "scale": "log" } },
        "datasets": [{"id": "log_data_2", "initial_csv_data": "x,y\n1,2\n2,4\n3,8\n4,16\n5,32\n6,64"}],
        "layout": {"height": 400}
    }
}