{
  "All Marker On": {
    "type": "OcaBlock",
    "AES70": "OcaMarkerManager",
    "description": "A block for managing global marker settings.",
    "layout": { "sticky": "ew" },
    "fields": {
      "All_Markers_On": {
        "label_active": "All Markers ON",
        "label_inactive": "All Markers ON",
        "type": "_GuiButtonToggle",
        "AES70": "OcaBooleanActuator",
        "handler": "turn_all_markers_on",
        "layout": { "height": 50, "width": 200, "sticky": "ew","font":15 },
        "yak_handler": {
          "enable": true,
          "yak_type": "set",
          "sub_path": "Markers",
          "command": "Set_All_Markers_State",
          "input_name": "state_bool",
          "converter": "bool_to_int"
        },
        
        "options": {
          "ON": {
            "label_active": "All Markers ON",
            "label_inactive": "All Markers ON",
            "selected": true
          },
          "OFF": {
            "label_active": "All Markers OFF",
            "label_inactive": "All Markers OFF",
            "selected": false
          }
        }
      }
    }
  },
  "Marker 1": {
    "type": "OcaBlock",
    "description": "Settings for Marker 1",
    "layout": { "sticky": "ew" },
    "fields": {
      "Active": {
        "label_active": "Active",
        "label_inactive": "Active",
        "type": "_GuiCheckbox",
        "AES70": "OcaSwitch",
        "handler": "toggle_marker_active",
        "yak_handler": {
          "enable": true,
          "yak_type": "set",
          "sub_path": "Markers",
          "command": "Set_Marker_State",
          "input_name": "state_bool",
          "converter": "bool_to_int",
          "marker_number": 1
        },
        "value": false,
        "layout": { "height": 30 }
      },
      "X_MHz": {
        "label_active": "X",
        "label_inactive": "X",
        "type": "_Value",

        "layout": { "height": 30, "width": 100, "Font": 50 },
        "AES70": "OcaFrequencyActuator",
        "handler": "set_marker_frequency",
        "yak_handler": {
          "enable": true,
          "yak_type": "set",
          "sub_path": "Markers",
          "command": "Set_Marker_X_position",
          "input_name": "hz_value",
          "converter": "mhz_to_hz",
          "marker_number": 1
        },
        "value": "111",
        "units": "MHz"
      },
      "Y_dBm": {
        "label_active": "Y",
        "label_inactive": "Y",
        "type": "_Label",
        "AES70": "OcaLevelSensor",
        "value": "-30",
        "units": "dBm"
      }
    }
  },
  "Marker 2": {
    "type": "OcaBlock",
    "description": "Settings for Marker 2",
    "layout": { "sticky": "ew" },
    "fields": {
      "Active": {
        "label_active": "Active",
        "label_inactive": "Active",
        "type": "_GuiCheckbox",
        "AES70": "OcaSwitch",
        "handler": "toggle_marker_active",
        "yak_handler": {
          "enable": true,
          "yak_type": "set",
          "sub_path": "Markers",
          "command": "Set_Marker_State",
          "input_name": "state_bool",
          "converter": "bool_to_int",
          "marker_number": 2
        },
        "value": false,
        "layout": { "height": 30 }
      },
      "X_MHz": {
        "label_active": "X",
        "label_inactive": "X",
        "type": "_Value",

        "AES70": "OcaFrequencyActuator",
        "handler": "set_marker_frequency",
        "yak_handler": {
          "enable": true,
          "yak_type": "set",
          "sub_path": "Markers",
          "command": "Set_Marker_X_position",
          "input_name": "hz_value",
          "converter": "mhz_to_hz",
          "marker_number": 2
        },
        "value": "111",
        "units": "MHz"
      },
      "Y_dBm": {
        "label_active": "Y",
        "label_inactive": "Y",
        "type": "_Label",
        "AES70": "OcaLevelSensor",
        "value": "-30",
        "units": "dBm"
      }
    }
  },
  "Marker 3": {
    "type": "OcaBlock",
    "description": "Settings for Marker 3",
    "layout": { "sticky": "ew" },
    "fields": {
      "Active": {
        "label_active": "Active",
        "label_inactive": "Active",
        "type": "_GuiCheckbox",
        "AES70": "OcaSwitch",
        "handler": "toggle_marker_active",
        "yak_handler": {
          "enable": true,
          "yak_type": "set",
          "sub_path": "Markers",
          "command": "Set_Marker_State",
          "input_name": "state_bool",
          "converter": "bool_to_int",
          "marker_number": 3
        },
        "value": false,
        "layout": { "height": 30 }
      },
      "X_MHz": {
        "label_active": "X",
        "label_inactive": "X",
        "type": "_Value",

        "AES70": "OcaFrequencyActuator",
        "handler": "set_marker_frequency",
        "yak_handler": {
          "enable": true,
          "yak_type": "set",
          "sub_path": "Markers",
          "command": "Set_Marker_X_position",
          "input_name": "hz_value",
          "converter": "mhz_to_hz",
          "marker_number": 3
        },
        "value": "111",
        "units": "MHz"
      },
      "Y_dBm": {
        "label_active": "Y",
        "label_inactive": "Y",
        "type": "_Label",
        "AES70": "OcaLevelSensor",
        "value": "-30",
        "units": "dBm"
      }
    }
  },
  "Marker 4": {
    "type": "OcaBlock",
    "description": "Settings for Marker 4",
    "layout": { "sticky": "ew" },
    "fields": {
      "Active": {
        "label_active": "Active",
        "label_inactive": "Active",
        "type": "_GuiCheckbox",
        "AES70": "OcaSwitch",
        "handler": "toggle_marker_active",
        "yak_handler": {
          "enable": true,
          "yak_type": "set",
          "sub_path": "Markers",
          "command": "Set_Marker_State",
          "input_name": "state_bool",
          "converter": "bool_to_int",
          "marker_number": 4
        },
        "value": false,
        "layout": { "height": 30 }
      },
      "X_MHz": {
        "label_active": "X",
        "label_inactive": "X",
        "type": "_Value",

        "AES70": "OcaFrequencyActuator",
        "handler": "set_marker_frequency",
        "yak_handler": {
          "enable": true,
          "yak_type": "set",
          "sub_path": "Markers",
          "command": "Set_Marker_X_position",
          "input_name": "hz_value",
          "converter": "mhz_to_hz",
          "marker_number": 4
        },
        "value": "111",
        "units": "MHz"
      },
      "Y_dBm": {
        "label_active": "Y",
        "label_inactive": "Y",
        "type": "_Label",
        "AES70": "OcaLevelSensor",
        "value": "-30",
        "units": "dBm"
      }
    }
  },
  "Marker 5": {
    "type": "OcaBlock",
    "description": "Settings for Marker 5",
    "layout": { "sticky": "ew" },
    "fields": {
      "Active": {
        "label_active": "Active",
        "label_inactive": "Active",
        "type": "_GuiCheckbox",
        "AES70": "OcaSwitch",
        "handler": "toggle_marker_active",
        "yak_handler": {
          "enable": true,
          "yak_type": "set",
          "sub_path": "Markers",
          "command": "Set_Marker_State",
          "input_name": "state_bool",
          "converter": "bool_to_int",
          "marker_number": 5
        },
        "value": false,
        "layout": { "height": 30 }
      },
      "X_MHz": {
        "label_active": "X",
        "label_inactive": "X",
        "type": "_Value",

        "AES70": "OcaFrequencyActuator",
        "handler": "set_marker_frequency",
        "yak_handler": {
          "enable": true,
          "yak_type": "set",
          "sub_path": "Markers",
          "command": "Set_Marker_X_position",
          "input_name": "hz_value",
          "converter": "mhz_to_hz",
          "marker_number": 5
        },
        "value": "111",
        "units": "MHz"
      },
      "Y_dBm": {
        "label_active": "Y",
        "label_inactive": "Y",
        "type": "_Label",
        "AES70": "OcaLevelSensor",
        "value": "-30",
        "units": "dBm"
      }
    }
  },
  "Marker 6": {
    "type": "OcaBlock",
    "description": "Settings for Marker 6",
    "layout": { "sticky": "ew" },
    "fields": {
      "Active": {
        "label_active": "Active",
        "label_inactive": "Active",
        "type": "_GuiCheckbox",
        "AES70": "OcaSwitch",
        "handler": "toggle_marker_active",
        "yak_handler": {
          "enable": true,
          "yak_type": "set",
          "sub_path": "Markers",
          "command": "Set_Marker_State",
          "input_name": "state_bool",
          "converter": "bool_to_int",
          "marker_number": 6
        },
        "value": false,
        "layout": { "height": 30 }
      },
      "X_MHz": {
        "label_active": "X",
        "label_inactive": "X",
        "type": "_Value",

        "AES70": "OcaFrequencyActuator",
        "handler": "set_marker_frequency",
        "yak_handler": {
          "enable": true,
          "yak_type": "set",
          "sub_path": "Markers",
          "command": "Set_Marker_X_position",
          "input_name": "hz_value",
          "converter": "mhz_to_hz",
          "marker_number": 6
        },
        "value": "111",
        "units": "MHz"
      },
      "Y_dBm": {
        "label_active": "Y",
        "label_inactive": "Y",
        "type": "_Label",
        "AES70": "OcaLevelSensor",
        "value": "-30",
        "units": "dBm"
      }
    }
  }
}