{
  "Resolution Bandwidth": {
    "type": "OcaBlock",
    "description": "Resolution Bandwidth (RBW) settings.",
    "layout": { "sticky": "ew" },
        "show_label": false,    
    "fields": {
      "break_1": {
        "type": "OcaBreakLine"
      },
      "RBW": {
        "label_active": "Resolution Bandwidth",
          "type": "_Horizontal_with_dial_Value",
        "handler": "set_rbw",
        "yak_handler": {
          "enable": true,
          "yak_type": "set",
          "sub_path": "Bandwidth",
          "command": "Set_RBW",
          "input_name": "hz_value",
          "converter": "mhz_to_hz"
        },

        "default_value": "0.5",

        "units": "MHz",
        "layout": { "sticky": "ew" }
      },
      "Resolution Band Width": {
        "type": "_GuiButtonToggler",
        "AES70": "OcaSwitch",
        "handler": "set_resolution_bandwidth",
        "yak_handler": {
          "enable": true,
          "yak_type": "set",
          "sub_path": "Bandwidth",
          "command": "Set_RBW",
          "input_name": "hz_value",
          "converter": "mhz_to_hz"
        },
        "layout": {"height": 10, "max_cols": 5, "width": 50, "sticky": "ew","font":10 },
        "options": {
          "1": {
            "value": "1",
            "label_active": "Fast",
            "label_inactive": "Fast",
            "description": "Like a race car: fast sweep, low detail. Best for catching fleeting signals.",
            "units": "MHz",
            "selected": false
          },
          "2": {
            "value": "0.3",
            "label_active": "Brisk",
            "label_inactive": "Brisk",
            "description": "A jog through the spectrum; quick enough to see the sights without missing much.",
            "units": "MHz",
            "selected": false
          },
          "3": {
            "value": "0.1",
            "label_active": "Deliberate",
            "label_inactive": "Deliberate",
            "description": "The perfect balance of speed and fidelity. Not too fast, not too slow.",
            "units": "MHz",
            "selected": false
          },
          "4": {
            "value": "0.03",
            "label_active": "Steady",
            "label_inactive": "Steady",
            "description": "A calm stroll, giving you time to appreciate the finer signal details.",
            "units": "MHz",
            "selected": false
          },
          "5": {
            "value": "0.01",
            "label_active": "Leisurely",
            "label_inactive": "Leisurely",
            "description": "A slow saunter through the noise floor, where every waveform is a work of art.",
            "units": "MHz",
            "selected": false
          },
          "6": {
            "value": "0.003",
            "label_active": "Unhurried",
            "label_inactive": "Unhurried",
            "description": "For the patient scientist. You'll see things nobody else can, but it'll take a while.",
            "units": "MHz",
            "selected": false
          },
          "7": {
            "value": "0.001",
            "label_active": "Slothlike",
            "label_inactive": "Slothlike",
            "description": "So slow you can practically see the electrons move. The highest fidelity, but you'll miss any quick events.",
            "units": "MHz",
            "selected": false
          },
          "8": {
            "value": "0.0003",
            "label_active": "Slothlike",
            "label_inactive": "Slothlike",
            "description": "So slow you can practically see the electrons move. The highest fidelity, but you'll miss any quick events.",
            "units": "MHz",
            "selected": false
          },
          "UNSELECTED": {
            "value": "NONE",
            "label_active": "None Selected",
            "label_inactive": "None Selected",
            "description": "No resolution bandwidth option is currently selected.",
            "units": "",
            "selected": true
          }
        }
      }
    }
  },
  "Video Bandwidth": {
    "type": "OcaBlock",
    "description": "Video Bandwidth (VBW) settings.",
    "show_label": false,
    "layout": { "sticky": "ew" },
    "fields": {
      "break_1": {
        "type": "OcaBreakLine"
      },
      "vbw_MHz": {
        "label_active": "Video Bandwidth",
          "type": "_Horizontal_with_dial_Value",
        "handler": "set_vbw",
        "yak_handler": {
          "enable": true,
          "yak_type": "set",
          "sub_path": "Bandwidth",
          "command": "Set_VBW",
          "input_name": "hz_value",
          "converter": "mhz_to_hz"
        },
        "default_locked": false,
        "default_value": "0.5",
        "min": "0",
        "max": "1000",
        "step": "1",
        "units": "kHz",
        "layout": { "sticky": "ew" }
      },
      "Video Band Width ": {
        "type": "_GuiButtonToggler",
        "AES70": "OcaSwitch",
        "handler": "set_video_bandwidth",
        "yak_handler": {
          "enable": true,
          "yak_type": "set",
          "sub_path": "Bandwidth",
          "command": "Set_VBW",
          "input_name": "hz_value",
          "converter": "khz_to_hz"
        },
        "layout": {"height": 10, "max_cols": 5, "width": 50, "sticky": "ew","font":10 },
        "options": {
          "1": {
            "value": "1000",
            "label_active": "Ultra Fast",
            "label_inactive": "Ultra Fast",
            "description": "A lightning-fast sweep. Filters are wide open, letting everything through.",
            "units": "kHz",
            "selected": false
          },
          "2": {
            "value": "300",
            "label_active": "Very Fast",
            "label_inactive": "Very Fast",
            "description": "A quick pass through the spectrum, ideal for fast-changing signals.",
            "units": "kHz",
            "selected": false
          },
          "3": {
            "value": "100",
            "label_active": "Fast",
            "label_inactive": "Fast",
            "description": "A balanced speed for general purpose monitoring and signal capture.",
            "units": "kHz",
            "selected": false
          },
          "4": {
            "value": "30",
            "label_active": "Normal",
            "label_inactive": "Normal",
            "description": "The standard filter setting for most common analysis tasks. Not too much, not too little.",
            "units": "kHz",
            "selected": false
          },
          "5": {
            "value": "10",
            "label_active": "Slow",
            "label_inactive": "Slow",
            "description": "A gentle filter, giving you more time to appreciate the finer details of a waveform.",
            "units": "kHz",
            "selected": false
          },
          "6": {
            "value": "3",
            "label_active": "Very Slow",
            "label_inactive": "Very Slow",
            "description": "For the meticulous scientist. You'll filter out fast noise and jitter, but at the cost of speed.",
            "units": "kHz",
            "selected": false
          },
          "7": {
            "value": "1",
            "label_active": "Ultra Slow",
            "label_inactive": "Ultra Slow",
            "description": "A meditative pace. So slow you can practically see the electrons move, offering maximum stability and noise reduction.",
            "units": "kHz",
            "selected": false
          },
          "8": {
            "value": "0.3",
            "label_active": "Glacial",
            "label_inactive": "Glacial",
            "description": "A slow crawl. Good for very detailed analysis of continuous signals and filtering out transient noise.",
            "units": "kHz",
            "selected": false
          },
          "9": {
            "value": "0.1",
            "label_active": "Glacial",
            "label_inactive": "Glacial",
            "description": "A slow crawl. Good for very detailed analysis of continuous signals and filtering out transient noise.",
            "units": "kHz",
            "selected": false
          },
          "10": {
            "value": "0.03",
            "label_active": "Sub-Glacial",
            "label_inactive": "Sub-Glacial",
            "description": "The scanner cries, but it's worth it. Filters out almost all random noise, giving you a crystal-clear, steady line.",
            "units": "kHz",
            "selected": false
          },
          "11": {
            "value": "0.01",
            "label_active": "Sub-Glacial",
            "label_inactive": "Sub-Glacial",
            "description": "The scanner cries, but it's worth it. Filters out almost all random noise, giving you a crystal-clear, steady line.",
            "units": "kHz",
            "selected": false
          },
          "12": {
            "value": "0.003",
            "label_active": "Crazy Slow",
            "label_inactive": "Crazy Slow",
            "description": "Time seems to stop. For the most patient scientists and signals with incredible stability. The ultimate low-pass filter.",
            "units": "kHz",
            "selected": false
          },
          "13": {
            "value": "0.001",
            "label_active": "Crazy Slow",
            "label_inactive": "Crazy Slow",
            "description": "Time seems to stop. For the most patient scientists and signals with incredible stability. The ultimate low-pass filter.",
            "units": "kHz",
            "selected": false
          },
          "UNSELECTED": {
            "value": "NONE",
            "label_active": "None Selected",
            "label_inactive": "None Selected",
            "description": "No video bandwidth option is currently selected.",
            "units": "",
            "selected": true
          }
        }
      },
      "VBW_Automatic": {
        "label_active": "VBW Auto On",
        "label_inactive": "VBW Auto On",
        "type": "_GuiButtonToggle",
        "AES70": "OcaBooleanActuator",
        "handler": "toggle_vbw_auto",
       "layout": { "height": 50, "width": 200, "sticky": "ew","font":15 },
        "yak_handler": {
          "enable": true,
          "yak_type": "set",
          "sub_path": "Bandwidth",
          "command": "Set_VBW_Auto",
          "input_name": "state_bool",
          "converter": "bool_to_int"
        },
        "options": {
          "ON": {
            "label_active": "Auto ON",
            "label_inactive": "Auto ON",
            "selected": true
          },
          "OFF": {
            "label_active": "Auto OFF",
            "label_inactive": "Auto OFF",
            "selected": false
          }
        }
      }
    }
  },
  "Sweep Time": {
    "type": "OcaBlock",
    "description": "Sweep Time settings.",
    "show_label": false,
    "layout": { "sticky": "ew" },
    "fields": {
      "break_1": {
        "type": "OcaBreakLine"
      },
      "sweep_time_setting": {
        "label_active": "Sweep Time",
        "label_inactive": "Sweep Time",
          "type": "_Horizontal_with_dial_Value",
        "handler": "set_sweep_time",
        "yak_handler": {
          "enable": true,
          "yak_type": "set",
          "sub_path": "Bandwidth",
          "command": "Set_Sweep_time",
          "input_name": "s_value",
          "converter": "float"
        },

        "default_value": "0",
        "min": "0",
        "max": "50",
        "step": "0.5",
        "units": "s",
        "layout": { "sticky": "ew" }
      }
    }
  }
}