{
  "Mixing_Console": {
    "type": "OcaBlock",
    "description": "8-Channel Hybrid Console",
    "layout_columns": 8,
    "column_sizing": [
      {"weight": 0, "minwidth": 120},
      {"weight": 0, "minwidth": 120},
      {"weight": 1},
      {"weight": 1},
      {"weight": 1},
      {"weight": 1},
      {"weight": 1},
      {"weight": 1}
    ],
    "fields": {
        "ch9": { "type": "OcaBlock", "description": "CH 9", "fields": {
            "needle": { "type": "_NeedleVUMeter", "label_active": "VU", "value_default": -20, "size": 80 },
            "meter": { "type": "_VUMeter", "label_active": "Pk", "value_default": -60 },
            "aux1": { "type": "_Knob", "label_active": "Aux 1", "indicator_color": "#CD7F32", "value_default": 12, "reff_point": 75, "min": 0, "max": 100 },
            "aux2": { "type": "_Knob", "label_active": "Aux 2", "indicator_color": "#FF3333", "value_default": 88, "reff_point": 75, "min": 0, "max": 100 },
            "aux3": { "type": "_Knob", "label_active": "Aux 3", "indicator_color": "#FF8C00", "value_default": 43, "reff_point": 75, "min": 0, "max": 100 },
            "aux4": { "type": "_Knob", "label_active": "Aux 4", "indicator_color": "#FFD700", "value_default": 91, "reff_point": 75, "min": 0, "max": 100 },
            "pan": { "type": "_Panner", "label_active": "Pan", "value_default": -32, "reff_point": 0 },
            "fader": { "type": "_CustomFader", "label_active": "Vol", "value_default": -100, "reff_point": -15, "value_min": -100, "value_max": 20, "ticks": [-100, -80, -60, -45, -30, -15, 0, 10, 20], "layout": {"height": 250, "weight_y": 1, "sticky": "nsew"} },
            "mute": { "type": "_GuiButtonToggle", "label_active": "MUTE" }
        } },
        "ch10": { "type": "OcaBlock", "description": "CH 10", "fields": {
            "needle": { "type": "_NeedleVUMeter", "label_active": "VU", "value_default": -10, "size": 80 },
            "meter": { "type": "_VUMeter", "label_active": "Pk", "value_default": -40 },
            "aux1": { "type": "_Knob", "label_active": "Aux 1", "indicator_color": "#CD7F32", "value_default": 67, "reff_point": 75, "min": 0, "max": 100 },
            "aux2": { "type": "_Knob", "label_active": "Aux 2", "indicator_color": "#FF3333", "value_default": 23, "reff_point": 75, "min": 0, "max": 100 },
            "aux3": { "type": "_Knob", "label_active": "Aux 3", "indicator_color": "#FF8C00", "value_default": 5, "reff_point": 75, "min": 0, "max": 100 },
            "aux4": { "type": "_Knob", "label_active": "Aux 4", "indicator_color": "#FFD700", "value_default": 99, "reff_point": 75, "min": 0, "max": 100 },
            "pan": { "type": "_Panner", "label_active": "Pan", "value_default": -32, "reff_point": 0 },
            "fader": { "type": "_CustomFader", "label_active": "Vol", "value_default": -100, "reff_point": -15, "value_min": -100, "value_max": 20, "ticks": [-100, -80, -60, -45, -30, -15, 0, 10, 20], "layout": {"height": 250, "weight_y": 1, "sticky": "nsew"} },
            "mute": { "type": "_GuiButtonToggle", "label_active": "MUTE" }
        } },
        "ch11": { "type": "OcaBlock", "description": "CH 11", "fields": {
            "needle": { "type": "_NeedleVUMeter", "label_active": "VU", "value_default": -3, "size": 80 },
            "meter": { "type": "_VUMeter", "label_active": "Pk", "value_default": -12 },
            "aux1": { "type": "_Knob", "label_active": "Aux 1", "indicator_color": "#CD7F32", "value_default": 34, "reff_point": 75, "min": 0, "max": 100 },
            "aux2": { "type": "_Knob", "label_active": "Aux 2", "indicator_color": "#FF3333", "value_default": 76, "reff_point": 75, "min": 0, "max": 100 },
            "aux3": { "type": "_Knob", "label_active": "Aux 3", "indicator_color": "#FF8C00", "value_default": 14, "reff_point": 75, "min": 0, "max": 100 },
            "aux4": { "type": "_Knob", "label_active": "Aux 4", "indicator_color": "#FFD700", "value_default": 55, "reff_point": 75, "min": 0, "max": 100 },
            "pan": { "type": "_Panner", "label_active": "Pan", "value_default": 32, "reff_point": 0 },
            "fader": { "type": "_CustomFader", "label_active": "Vol", "value_default": -100, "reff_point": -15, "value_min": -100, "value_max": 20, "ticks": [-100, -80, -60, -45, -30, -15, 0, 10, 20], "layout": {"height": 250, "weight_y": 1, "sticky": "nsew"} },
            "mute": { "type": "_GuiButtonToggle", "label_active": "MUTE" }
        } },
        "ch12": { "type": "OcaBlock", "description": "CH 12", "fields": {
            "needle": { "type": "_NeedleVUMeter", "label_active": "VU", "value_default": 0, "size": 80 },
            "meter": { "type": "_VUMeter", "label_active": "Pk", "value_default": -3 },
            "aux1": { "type": "_Knob", "label_active": "Aux 1", "indicator_color": "#CD7F32", "value_default": 82, "reff_point": 75, "min": 0, "max": 100 },
            "aux2": { "type": "_Knob", "label_active": "Aux 2", "indicator_color": "#FF3333", "value_default": 9, "reff_point": 75, "min": 0, "max": 100 },
            "aux3": { "type": "_Knob", "label_active": "Aux 3", "indicator_color": "#FF8C00", "value_default": 47, "reff_point": 75, "min": 0, "max": 100 },
            "aux4": { "type": "_Knob", "label_active": "Aux 4", "indicator_color": "#FFD700", "value_default": 28, "reff_point": 75, "min": 0, "max": 100 },
            "pan": { "type": "_Panner", "label_active": "Pan", "value_default": 0, "reff_point": 0 },
            "fader": { "type": "_CustomFader", "label_active": "Vol", "value_default": -100, "reff_point": -15, "value_min": -100, "value_max": 20, "ticks": [-100, -80, -60, -45, -30, -15, 0, 10, 20], "layout": {"height": 250, "weight_y": 1, "sticky": "nsew"} },
            "mute": { "type": "_GuiButtonToggle", "label_active": "MUTE" }
        } },
        "ch13": { "type": "OcaBlock", "description": "CH 13", "fields": {
            "needle": { "type": "_NeedleVUMeter", "label_active": "VU", "value_default": -10, "size": 80 },
            "meter": { "type": "_VUMeter", "label_active": "Pk", "value_default": -6 },
            "aux1": { "type": "_Knob", "label_active": "Aux 1", "indicator_color": "#CD7F32", "value_default": 62, "reff_point": 75, "min": 0, "max": 100 },
            "aux2": { "type": "_Knob", "label_active": "Aux 2", "indicator_color": "#FF3333", "value_default": 3, "reff_point": 75, "min": 0, "max": 100 },
            "aux3": { "type": "_Knob", "label_active": "Aux 3", "indicator_color": "#FF8C00", "value_default": 94, "reff_point": 75, "min": 0, "max": 100 },
            "aux4": { "type": "_Knob", "label_active": "Aux 4", "indicator_color": "#FFD700", "value_default": 18, "reff_point": 75, "min": 0, "max": 100 },
            "pan": { "type": "_Panner", "label_active": "Pan", "value_default": 0, "reff_point": 0 },
            "fader": { "type": "_CustomFader", "label_active": "Vol", "value_default": -100, "reff_point": -15, "value_min": -100, "value_max": 20, "ticks": [-100, -80, -60, -45, -30, -15, 0, 10, 20], "layout": {"height": 250, "weight_y": 1, "sticky": "nsew"} },
            "mute": { "type": "_GuiButtonToggle", "label_active": "MUTE" }
        } },
        "ch14": { "type": "OcaBlock", "description": "CH 14", "fields": {
            "needle": { "type": "_NeedleVUMeter", "label_active": "VU", "value_default": -20, "size": 80 },
            "meter": { "type": "_VUMeter", "label_active": "Pk", "value_default": -20 },
            "aux1": { "type": "_Knob", "label_active": "Aux 1", "indicator_color": "#CD7F32", "value_default": 71, "reff_point": 75, "min": 0, "max": 100 },
            "aux2": { "type": "_Knob", "label_active": "Aux 2", "indicator_color": "#FF3333", "value_default": 39, "reff_point": 75, "min": 0, "max": 100 },
            "aux3": { "type": "_Knob", "label_active": "Aux 3", "indicator_color": "#FF8C00", "value_default": 53, "reff_point": 75, "min": 0, "max": 100 },
            "aux4": { "type": "_Knob", "label_active": "Aux 4", "indicator_color": "#FFD700", "value_default": 85, "reff_point": 75, "min": 0, "max": 100 },
            "pan": { "type": "_Panner", "label_active": "Pan", "value_default": 0, "reff_point": 0 },
            "fader": { "type": "_CustomFader", "label_active": "Vol", "value_default": -100, "reff_point": -15, "value_min": -100, "value_max": 20, "ticks": [-100, -80, -60, -45, -30, -15, 0, 10, 20], "layout": {"height": 250, "weight_y": 1, "sticky": "nsew"} },
            "mute": { "type": "_GuiButtonToggle", "label_active": "MUTE" }
        } },
        "ch15": { "type": "OcaBlock", "description": "CH 15", "fields": {
            "needle": { "type": "_NeedleVUMeter", "label_active": "VU", "value_default": -40, "size": 80 },
            "meter": { "type": "_VUMeter", "label_active": "Pk", "value_default": -40 },
            "aux1": { "type": "_Knob", "label_active": "Aux 1", "indicator_color": "#CD7F32", "value_default": 7, "reff_point": 75, "min": 0, "max": 100 },
            "aux2": { "type": "_Knob", "label_active": "Aux 2", "indicator_color": "#FF3333", "value_default": 93, "reff_point": 75, "min": 0, "max": 100 },
            "aux3": { "type": "_Knob", "label_active": "Aux 3", "indicator_color": "#FF8C00", "value_default": 21, "reff_point": 75, "min": 0, "max": 100 },
            "aux4": { "type": "_Knob", "label_active": "Aux 4", "indicator_color": "#FFD700", "value_default": 66, "reff_point": 75, "min": 0, "max": 100 },
            "pan": { "type": "_Panner", "label_active": "Pan", "value_default": -64, "reff_point": 0 },
            "fader": { "type": "_CustomFader", "label_active": "Vol", "value_default": -100, "reff_point": -15, "value_min": -100, "value_max": 20, "ticks": [-100, -80, -60, -45, -30, -15, 0, 10, 20], "layout": {"height": 250, "weight_y": 1, "sticky": "nsew"} },
            "mute": { "type": "_GuiButtonToggle", "label_active": "MUTE" }
        } },
        "ch16": { "type": "OcaBlock", "description": "CH 16", "fields": {
            "needle": { "type": "_NeedleVUMeter", "label_active": "VU", "value_default": -60, "size": 80 },
            "meter": { "type": "_VUMeter", "label_active": "Pk", "value_default": -60 },
            "aux1": { "type": "_Knob", "label_active": "Aux 1", "indicator_color": "#CD7F32", "value_default": 45, "reff_point": 75, "min": 0, "max": 100 },
            "aux2": { "type": "_Knob", "label_active": "Aux 2", "indicator_color": "#FF3333", "value_default": 33, "reff_point": 75, "min": 0, "max": 100 },
            "aux3": { "type": "_Knob", "label_active": "Aux 3", "indicator_color": "#FF8C00", "value_default": 98, "reff_point": 75, "min": 0, "max": 100 },
            "aux4": { "type": "_Knob", "label_active": "Aux 4", "indicator_color": "#FFD700", "value_default": 11, "reff_point": 75, "min": 0, "max": 100 },
            "pan": { "type": "_Panner", "label_active": "Pan", "value_default": 64, "reff_point": 0 },
            "fader": { "type": "_CustomFader", "label_active": "Vol", "value_default": -100, "reff_point": -15, "value_min": -100, "value_max": 20, "ticks": [-100, -80, -60, -45, -30, -15, 0, 10, 20], "layout": {"height": 250, "weight_y": 1, "sticky": "nsew"} },
            "mute": { "type": "_GuiButtonToggle", "label_active": "MUTE" }
        } }
    }
  }
}