{
      "multi_dataset_graph": {
        "type": "plot_widget",
       "layout": {"height": 1000} ,
        "id": "multi_dataset_plot",
        "plot_mode": "time_domain",
        "title": "Multiple Datasets Demo",
        "axis": {
          "x": { "label": "X-Axis", "scale": "linear", "min": 0, "max": 1, "color": "white" },
          "y": { "label": "Y-Axis", "scale": "linear", "min": -1.5, "max": 1.5, "color": "white" }
        },
        "style": { "background_color": "black", "grid_color": "darkgrey", "title_color": "white" },
        "datasets": [
          {
            "id": "linear_line", "label": "Linear", "style": { "line_color": "white", "line_width": 1 },
            "initial_csv_data": "x,y\n0,0\n1,1"
          },
          {
            "id": "sine_wave_2", "label": "Sine", "style": { "line_color": "cyan", "line_width": 2 },
            "initial_csv_data": "x,y\n0.00,0.00\n0.05,0.31\n0.10,0.59\n0.15,0.81\n0.20,0.95\n0.25,1.00\n0.30,0.95\n0.35,0.81\n0.40,0.59\n0.45,0.31\n0.50,0.00\n0.55,-0.31\n0.60,-0.59\n0.65,-0.81\n0.70,-0.95\n0.75,-1.00\n0.80,-0.95\n0.85,-0.81\n0.90,-0.59\n0.95,-0.31\n1.00,0.00"
          },
          {
            "id": "cosine_wave", "label": "Cosine", "style": { "line_color": "magenta", "line_width": 2 },
            "initial_csv_data": "x,y\n0.00,1.00\n0.05,0.95\n0.10,0.81\n0.15,0.59\n0.20,0.31\n0.25,0.00\n0.30,-0.31\n0.35,-0.59\n0.40,-0.81\n0.45,-0.95\n0.50,-1.00\n0.55,-0.95\n0.60,-0.81\n0.65,-0.59\n0.70,-0.31\n0.75,0.00\n0.80,0.31\n0.85,0.59\n0.90,0.81\n0.95,0.95\n1.00,1.00"
          },
          {
            "id": "sine_2x", "label": "Sine 2x", "style": { "line_color": "yellow", "line_width": 1 },
            "initial_csv_data": "x,y\n0.00,0.00\n0.05,0.59\n0.10,0.95\n0.15,0.95\n0.20,0.59\n0.25,0.00\n0.30,-0.59\n0.35,-0.95\n0.40,-0.95\n0.45,-0.59\n0.50,0.00\n0.55,0.59\n0.60,0.95\n0.65,0.95\n0.70,0.59\n0.75,0.00\n0.80,-0.59\n0.85,-0.95\n0.90,-0.95\n0.95,-0.59\n1.00,0.00"
          },
          {
            "id": "sine_4x", "label": "Sine 4x", "style": { "line_color": "lime", "line_width": 1 },
            "initial_csv_data": "x,y\n0.00,0.00\n0.05,0.95\n0.10,0.59\n0.15,-0.59\n0.20,-0.95\n0.25,0.00\n0.30,0.95\n0.35,0.59\n0.40,-0.59\n0.45,-0.95\n0.50,0.00\n0.55,0.95\n0.60,0.59\n0.65,-0.59\n0.70,-0.95\n0.75,0.00\n0.80,0.95\n0.85,0.59\n0.90,-0.59\n0.95,-0.95\n1.00,0.00"
          }
        ]
      }
}