{
  "NAB_Settings": {
    "type": "OcaBlock",
    "description": "NAB Frequency Monitoring",
    "fields": {
      "NAB_Frequency_settings": {
        "type": "OcaBlock",
        "description": "Primary Frequency Monitoring",
        "fields": {
          "Execute Command": {
            "type": "_GuiActuator",
            "AES70": "OcaBooleanActuator",
            "active": true,
            "trigger": false,
            "message": ":FREQuency:STARt?;:FREQuency:STOP?;:FREQuency:CENTer?;:FREQuency:SPAN?",
            "layout": { "height": 30, "sticky": "" }
          },
          "Outputs": {
            "type": "OcaBlock",
            "fields": {
              "start_freq": {
                "value": "The current start frequency in Hz.",
                "type": "_GuiValue"
              },
              "stop_freq": {
                "value": "The current stop frequency in Hz.",
                "type": "_GuiValue"
              },
              "center_freq": {
                "value": "The current center frequency in Hz.",
                "type": "_GuiValue"
              },
              "span_freq": {
                "value": "The current span frequency in Hz.",
                "type": "_GuiValue"
              }
            }
          }
        }
      }
    }
  },
  "RIG_Settings": {
    "type": "OcaBlock",
    "description": "RIG Frequency commands",
    "fields": {
      "Rig_freq_start_stop": {
        "type": "OcaBlock",
        "description": "Frequency Range Commands",
        "fields": {
          "Execute Command": {
            "type": "_GuiActuator",
            "AES70": "OcaBooleanActuator",
            "active": true,
            "trigger": false,
            "message": ":FREQuency:STARt <start_freq>;:FREQuency:STOP <stop_freq>",
            "layout": { "height": 30, "sticky": "" }
          },
          "Input": {
            "type": "OcaBlock",
            "fields": {
              "start_freq": {
                "value": "12345678",
                "type": "_GuiValue"
              },
              "stop_freq": {
                "value": "12345678",
                "type": "_GuiValue"
              }
            }
          }
        }
      },
      "Set_Span_Frequency": {
        "type": "OcaBlock",
        "fields": {
          "Execute Command": {
            "type": "_GuiActuator",
            "AES70": "OcaBooleanActuator",
            "active": true,
            "trigger": false,
            "message": ":FREQuency:SPAN <hz_value>",
            "layout": { "height": 30, "sticky": "" }
          },
          "Input": {
            "type": "OcaBlock",
            "fields": {
              "hz_value": {
                "value": "12345678",
                "type": "_GuiValue"
              }
            }
          }
        }
      },
      "Set_Start_Freq_MHz": {
        "type": "OcaBlock",
        "fields": {
          "Execute Command": {
            "type": "_GuiActuator",
            "AES70": "OcaBooleanActuator",
            "active": true,
            "trigger": false,
            "message": ":FREQuency:STARt <hz_value>",
            "layout": { "height": 30, "sticky": "" }
          },
          "Input": {
            "type": "OcaBlock",
            "fields": {
              "hz_value": {
                "value": "12345678",
                "type": "_GuiValue"
              }
            }
          }
        }
      },
      "Set_Stop_Freq_MHz": {
        "type": "OcaBlock",
        "fields": {
          "Execute Command": {
            "type": "_GuiActuator",
            "AES70": "OcaBooleanActuator",
            "active": true,
            "trigger": false,
            "message": ":FREQuency:STOP <hz_value>",
            "layout": { "height": 30, "sticky": "" }
          },
          "Input": {
            "type": "OcaBlock",
            "fields": {
              "hz_value": {
                "value": "987654321",
                "type": "_GuiValue"
              }
            }
          }
        }
      }
    }
  }
}
  