{
  "Tuning": {
    "type": "OcaBlock",
    "show_label": false,
    "description": "A block for managing all frequency-related settings.",
    "layout": { "sticky": "ew" },
    "fields": {
      "break_1": {
        "type": "OcaBreakLine"
      },
      "center_freq_MHz": {
        "label_active": "Center Frequency",
        "type": "_Horizontal_with_dial_Value",
        "handler": "set_center_frequency",
        "yak_handler": {
          "enable": true,
          "yak_type": "set",
          "sub_path": "Frequency",
          "command": "Set_Center_Freq_MHz",
          "input_name": "hz_value",
          "converter": "mhz_to_hz"
        },
        "locked": false,
        "default_value": "500",
        "min": "0",
        "max": "6000",
        "units": "MHz",
        "step": ".001",
        "layout": { "sticky": "ew" }
      },
        "break_2": {
        "type": "OcaBreakLine"
      },
      "span_freq_MHz": {
        "label_active": "Frequency Span",
        "label_inactive": "Frequency Span",
        "type": "_Horizontal_with_dial_Value",
        "handler": "set_span_frequency",
        "yak_handler": {
          "enable": true,
          "yak_type": "set",
          "sub_path": "Frequency",
          "command": "Set_Span_Frequency",
          "input_name": "hz_value",
          "converter": "mhz_to_hz"
        },
        "locked": false,
        "default_value": "200",
        "min": "0",
        "max": "1000",
        "units": "MHz",
        "step": ".001",
        "layout": { "sticky": "ew" }
      },
          "break_3": {
        "type": "OcaBreakLine"
      },
      "start_freq_MHz": {
        "label_active": "Start Frequency",
        "label_inactive": "Start Frequency",
        "type": "_Horizontal_with_dial_Value",
        "handler": "set_start_frequency",
        "yak_handler": {
          "enable": true,
          "yak_type": "set",
          "sub_path": "Frequency",
          "command": "Set_Start_Freq_MHz",
          "input_name": "hz_value",
          "converter": "mhz_to_hz"
        },
        "locked": false,
        "default_value": "400",
        "min": "0",
        "max": "5999",
        "units": "MHz",
        "step": ".001",
        "layout": { "sticky": "ew" }
      },
          "break_4": {
        "type": "OcaBreakLine"
      },
      "stop_freq_MHz": {
        "label_active": "Stop Frequency",
        "label_inactive": "Stop Frequency",
        "type": "_Horizontal_with_dial_Value",
        "handler": "set_stop_frequency",
        "yak_handler": {
          "enable": true,
          "yak_type": "set",
          "sub_path": "Frequency",
          "command": "Set_Stop_Freq_MHz",
          "input_name": "hz_value",
          "converter": "mhz_to_hz"
        },
        "locked": false,
        "default_value": "600",
        "min": "1",
        "max": "6000",
        "units": "MHz",
        "step": ".001",
        "layout": { "sticky": "ew" }
      }
    }
  },
  "Quick Span": {
    "type": "OcaBlock",
    "description": "A block for managing all frequency-related presets.",
    "layout": { "sticky": "ew" },
    "show_label": false,    
    "fields": {
      "break_1": {
        "type": "OcaBreakLine"
      },
      "Span": {
        "type": "_GuiButtonToggler",
        "AES70": "OcaSwitch",
        "label_active": "Span",
        "handler": "set_span_frequency",
        "yak_handler": {
          "enable": true,
          "yak_type": "set",
          "sub_path": "Frequency",
          "command": "Set_Span_Frequency",
          "input_name": "hz_value",
          "converter": "mhz_to_hz"
        },
        "layout": {"height": 10, "max_cols": 4, "width": 50, "sticky": "ew","font":12 },
        "options": {
          "1": {
            "value": "0.01",
            "label_active": "Microscope",
            "label_inactive": "Microscope",
            "description": "So tight you'll feel like a cellular biologist examining a single-cell waveform.",
            "units": "MHz",
            "selected": false
          },
          "2": {
            "value": "0.1",
            "label_active": "Tight",
            "label_inactive": "Tight",
            "description": "A narrow, focused view for getting up close and personal with signals.",
            "units": "MHz",
            "selected": false
          },
          "3": {
            "value": "1",
            "label_active": "Normal",
            "label_inactive": "Normal",
            "description": "The standard span, a balanced diet for most common analysis.",
            "units": "MHz",
            "selected": false
          },
          "4": {
            "value": "10",
            "label_active": "Wide",
            "label_inactive": "Wide",
            "description": "A broad, digestible view of the spectrum, great for general reconnaissance.",
            "units": "MHz",
            "selected": false
          },
          "5": {
            "value": "100",
            "label_active": "Ultra Wide",
            "label_inactive": "Ultra Wide",
            "description": "A very broad span for finding signals over a large frequency range. It's like scanning with a wide-angle lens.",
            "units": "MHz",
            "selected": false
          },
          "6": {
            "value": "500",
            "label_active": "From Space",
            "label_inactive": "From Space",
            "description": "A very broad span for finding signals over a large frequency range.",
            "units": "MHz",
            "selected": false
          },
          "7": {
            "value": "1000",
            "label_active": "From The Moon",
            "label_inactive": "From The Moon",
            "description": "A very broad span for finding signals over a large frequency range. It's like scanning with a wide-angle lens.",
            "units": "MHz",
            "selected": false
          },
          "UNSELECTED": {
            "value": "NONE",
            "label_active": "None Selected",
            "label_inactive": "None Selected",
            "description": "No span option is currently selected.",
            "units": "",
            "selected": true
          }
        }
      }
    }
  }
}
