{
  "nab": {
    "type": "OcaBlock",
    "description": "DC Load Measurements",
    "fields": {
      "Primary_Metering": {
        "type": "OcaBlock",
        "description": "Voltage, Current, Power",
        "fields": {
          "Measure_All": {
            "type": "OcaBlock",
            "fields": {
              "Execute Command": {
                "type": "_GuiActuator",
                "AES70": "OcaBooleanActuator",
                "active": true,
                "message": "MEAS:VOLT?;MEAS:CURR?;MEAS:POW?",
                "layout": { "height": 30, "sticky": "" }
              },
              "Outputs": {
                "type": "OcaBlock",
                "fields": {
                  "volts": { "value": "V", "type": "_GuiValue" },
                  "amps": { "value": "A", "type": "_GuiValue" },
                  "watts": { "value": "W", "type": "_GuiValue" }
                }
              }
            }
          }
        }
      },
      "System_Status": {
        "type": "OcaBlock",
        "description": "Diagnostics",
        "fields": {
          "Read_Status_Byte": {
            "type": "OcaBlock",
            "fields": {
              "Execute Command": {
                "type": "_GuiActuator",
                "AES70": "OcaBooleanActuator",
                "active": true,
                "message": "*STB?",
                "layout": { "height": 30, "sticky": "" }
              },
              "Outputs": {
                "type": "OcaBlock",
                "fields": {
                  "status_byte": { "value": "Byte Value", "type": "_GuiValue" }
                }
              }
            }
          },
          "Read_Error": {
            "type": "OcaBlock",
            "fields": {
              "Execute Command": {
                "type": "_GuiActuator",
                "AES70": "OcaBooleanActuator",
                "active": true,
                "message": "SYST:ERR?",
                "layout": { "height": 30, "sticky": "" }
              },
              "Outputs": {
                "type": "OcaBlock",
                "fields": {
                  "error_msg": { "value": "Error Message", "type": "_GuiValue" }
                }
              }
            }
          },
          "Read_IDN": {
            "type": "OcaBlock",
            "fields": {
              "Execute Command": {
                "type": "_GuiActuator",
                "AES70": "OcaBooleanActuator",
                "active": true,
                "message": "*IDN?",
                "layout": { "height": 30, "sticky": "" }
              },
              "Outputs": {
                "type": "OcaBlock",
                "fields": {
                  "idn_string": { "value": "Device ID", "type": "_GuiValue" }
                }
              }
            }
          }
        }
      }
    }
  },
  "rig": {
    "type": "OcaBlock",
    "description": "Load Configuration",
    "fields": {
      "Mode_Selection": {
        "type": "OcaBlock",
        "description": "CC / CV / CR",
        "fields": {
          "Set_Mode_Current": {
            "type": "_GuiActuator",
            "AES70": "OcaBooleanActuator",
            "active": true,
            "label_inactive": "Mode: CC",
            "layout": { "height": 30, "sticky": "" },
            "Execute Command": { "message": "MODE:CURR" }
          },
          "Set_Mode_Voltage": {
            "type": "_GuiActuator",
            "AES70": "OcaBooleanActuator",
            "active": true,
            "label_inactive": "Mode: CV",
            "layout": { "height": 30, "sticky": "" },
            "Execute Command": { "message": "MODE:VOLT" }
          },
          "Set_Mode_Resistance": {
            "type": "_GuiActuator",
            "AES70": "OcaBooleanActuator",
            "active": true,
            "label_inactive": "Mode: CR",
            "layout": { "height": 30, "sticky": "" },
            "Execute Command": { "message": "MODE:RES" }
          }
        }
      },
      "Current_Settings": {
        "type": "OcaBlock",
        "description": "Constant Current Parameters",
        "fields": {
          "Set_Current_Level": {
            "type": "OcaBlock",
            "fields": {
              "Execute Command": {
                "type": "_GuiActuator",
                "AES70": "OcaBooleanActuator",
                "active": true,
                "message": "CURR <value>",
                "layout": { "height": 30, "sticky": "" }
              },
              "Input": {
                "type": "OcaBlock",
                "fields": {
                  "value": { "value": "1.0", "type": "_Value",
 "description": "Amps" }
                }
              }
            }
          },
          "Set_Current_Range": {
            "type": "OcaBlock",
            "fields": {
              "Execute Command": {
                "type": "_GuiActuator",
                "AES70": "OcaBooleanActuator",
                "active": true,
                "message": "CURR:RANG <value>",
                "layout": { "height": 30, "sticky": "" }
              },
              "Input": {
                "type": "OcaBlock",
                "fields": {
                  "value": { "value": "60", "type": "_Value",
 "description": "6 or 60 A" }
                }
              }
            }
          },
          "Set_Current_Slew": {
            "type": "OcaBlock",
            "fields": {
              "Execute Command": {
                "type": "_GuiActuator",
                "AES70": "OcaBooleanActuator",
                "active": true,
                "message": "CURR:SLEW <value>",
                "layout": { "height": 30, "sticky": "" }
              },
              "Input": {
                "type": "OcaBlock",
                "fields": {
                  "value": { "value": "1000", "type": "_Value",
 "description": "A/sec" }
                }
              }
            }
          }
        }
      },
      "Voltage_Settings": {
        "type": "OcaBlock",
        "description": "Constant Voltage Parameters",
        "fields": {
          "Set_Voltage_Level": {
            "type": "OcaBlock",
            "fields": {
              "Execute Command": {
                "type": "_GuiActuator",
                "AES70": "OcaBooleanActuator",
                "active": true,
                "message": "VOLT <value>",
                "layout": { "height": 30, "sticky": "" }
              },
              "Input": {
                "type": "OcaBlock",
                "fields": {
                  "value": { "value": "12.0", "type": "_Value",
 "description": "Volts" }
                }
              }
            }
          },
          "Set_Voltage_Range": {
            "type": "OcaBlock",
            "fields": {
              "Execute Command": {
                "type": "_GuiActuator",
                "AES70": "OcaBooleanActuator",
                "active": true,
                "message": "VOLT:RANG <value>",
                "layout": { "height": 30, "sticky": "" }
              },
              "Input": {
                "type": "OcaBlock",
                "fields": {
                  "value": { "value": "60", "type": "_Value",
 "description": "6, 60, etc" }
                }
              }
            }
          }
        }
      },
      "Resistance_Settings": {
        "type": "OcaBlock",
        "description": "Constant Resistance Parameters",
        "fields": {
          "Set_Resistance_Level": {
            "type": "OcaBlock",
            "fields": {
              "Execute Command": {
                "type": "_GuiActuator",
                "AES70": "OcaBooleanActuator",
                "active": true,
                "message": "RES <value>",
                "layout": { "height": 30, "sticky": "" }
              },
              "Input": {
                "type": "OcaBlock",
                "fields": {
                  "value": { "value": "100", "type": "_Value",
 "description": "Ohms" }
                }
              }
            }
          },
          "Set_Resistance_Range": {
            "type": "OcaBlock",
            "fields": {
              "Execute Command": {
                "type": "_GuiActuator",
                "AES70": "OcaBooleanActuator",
                "active": true,
                "message": "RES:RANG <value>",
                "layout": { "height": 30, "sticky": "" }
              },
              "Input": {
                "type": "OcaBlock",
                "fields": {
                  "value": { "value": "1000", "type": "_Value",
 "description": "Range" }
                }
              }
            }
          }
        }
      }
    }
  },
  "set": {
    "type": "OcaBlock",
    "description": "Transients & Limits",
    "fields": {
      "Transient_Setup": {
        "type": "OcaBlock",
        "description": "Pulse & Dynamic Loading",
        "fields": {
          "Set_Transient_Mode": {
            "type": "OcaBlock",
            "fields": {
              "Execute Command": {
                "type": "_GuiActuator",
                "AES70": "OcaBooleanActuator",
                "active": true,
                "message": "TRAN:MODE <mode>",
                "layout": { "height": 30, "sticky": "" }
              },
              "Input": {
                "type": "OcaBlock",
                "fields": {
                  "mode": { "value": "CONT", "type": "_Value",
 "description": "CONT, PULS, TOGG" }
                }
              }
            }
          },
          "Set_Transient_Level_A": {
            "type": "OcaBlock",
            "fields": {
              "Execute Command": {
                "type": "_GuiActuator",
                "AES70": "OcaBooleanActuator",
                "active": true,
                "message": "CURR:LEV <value>",
                "layout": { "height": 30, "sticky": "" }
              },
              "Input": {
                "type": "OcaBlock",
                "fields": {
                  "value": { "value": "0.5", "type": "_Value",
 "description": "Main Level" }
                }
              }
            }
          },
          "Set_Transient_Level_B": {
            "type": "OcaBlock",
            "fields": {
              "Execute Command": {
                "type": "_GuiActuator",
                "AES70": "OcaBooleanActuator",
                "active": true,
                "message": "CURR:TLEV <value>",
                "layout": { "height": 30, "sticky": "" }
              },
              "Input": {
                "type": "OcaBlock",
                "fields": {
                  "value": { "value": "5.0", "type": "_Value",
 "description": "Transient Level" }
                }
              }
            }
          },
          "Set_Transient_Freq": {
            "type": "OcaBlock",
            "fields": {
              "Execute Command": {
                "type": "_GuiActuator",
                "AES70": "OcaBooleanActuator",
                "active": true,
                "message": "TRAN:FREQ <value>",
                "layout": { "height": 30, "sticky": "" }
              },
              "Input": {
                "type": "OcaBlock",
                "fields": {
                  "value": { "value": "100", "type": "_Value",
 "description": "Hz" }
                }
              }
            }
          },
          "Set_Transient_Duty": {
            "type": "OcaBlock",
            "fields": {
              "Execute Command": {
                "type": "_GuiActuator",
                "AES70": "OcaBooleanActuator",
                "active": true,
                "message": "TRAN:DCYC <value>",
                "layout": { "height": 30, "sticky": "" }
              },
              "Input": {
                "type": "OcaBlock",
                "fields": {
                  "value": { "value": "50", "type": "_Value",
 "description": "Percent" }
                }
              }
            }
          }
        }
      }
    }
  },
  "Do": {
    "type": "OcaBlock",
    "description": "Actions and Toggles",
    "fields": {
      "Input_Control": {
        "type": "OcaBlock",
        "fields": {
          "Input_ON": {
            "type": "_GuiActuator",
            "AES70": "OcaBooleanActuator",
            "active": true,
            "label_inactive": "Input ON",
            "Execute Command": { "message": "INP ON" }
          },
          "Input_OFF": {
            "type": "_GuiActuator",
            "AES70": "OcaBooleanActuator",
            "active": true,
            "label_inactive": "Input OFF",
            "Execute Command": { "message": "INP OFF" }
          }
        }
      },
      "Transient_Action": {
        "type": "OcaBlock",
        "fields": {
          "Transient_ON": {
            "type": "_GuiActuator",
            "AES70": "OcaBooleanActuator",
            "active": true,
            "label_inactive": "Trans ON",
            "Execute Command": { "message": "TRAN:STAT ON" }
          },
          "Transient_OFF": {
            "type": "_GuiActuator",
            "AES70": "OcaBooleanActuator",
            "active": true,
            "label_inactive": "Trans OFF",
            "Execute Command": { "message": "TRAN:STAT OFF" }
          },
          "Trigger": {
            "type": "_GuiActuator",
            "AES70": "OcaBooleanActuator",
            "active": true,
            "label_inactive": "Trigger (*TRG)",
            "Execute Command": { "message": "*TRG" }
          }
        }
      },
      "System_Actions": {
        "type": "OcaBlock",
        "fields": {
          "Clear_Protection": {
            "type": "_GuiActuator",
            "AES70": "OcaBooleanActuator",
            "active": true,
            "label_inactive": "Clear Prot",
            "Execute Command": { "message": "PROT:CLE" }
          },
          "Reset_Device": {
            "type": "_GuiActuator",
            "AES70": "OcaBooleanActuator",
            "active": true,
            "label_inactive": "Reset (*RST)",
            "Execute Command": { "message": "*RST" }
          },
          "Clear_Status": {
            "type": "_GuiActuator",
            "AES70": "OcaBooleanActuator",
            "active": true,
            "label_inactive": "Clear (*CLS)",
            "Execute Command": { "message": "*CLS" }
          }
        }
      }
    }
  }
}