{
    "Sunset_Plot": {
        "type": "plot_widget",
        "title": "Sunset Over the Hills",
        "show_title": true, "show_grid": false, "show_x_axis": false, "show_y_axis": false,
        "enable_zoom": true, "enable_hover": true, "enable_pan": true,
        "bg_color": "#ff7e5f",
        "datasets": [
            {"id": "hill1", "initial_csv_data": "x,y\n0,1\n1,2\n2,1.5\n3,1\n4,1.2", "style": {"line_color": "#ffaf7b", "line_width": 3}},
            {"id": "hill2", "initial_csv_data": "x,y\n0,0.5\n1,1\n2,0.8\n3,0.5\n4,0.7", "style": {"line_color": "#d7385e", "line_width": 2}}
        ],
        "layout": {"height": 400}
    },
    "Ocean_Plot": {
        "type": "plot_widget",
        "title": "Ocean Waves",
        "show_title": true, "show_grid": false, "show_x_axis": true, "show_y_axis": true,
        "enable_zoom": true, "enable_hover": true, "enable_pan": true,
        "bg_color": "#000080",
        "datasets": [
            {"id": "wave1", "initial_csv_data": "x,y\n0,0\n1,1\n2,0\n3,-1\n4,0", "style": {"line_color": "#00BFFF"}},
            {"id": "wave2", "initial_csv_data": "x,y\n0,0.5\n1,1.5\n2,0.5\n3,-0.5\n4,0.5", "style": {"line_color": "#1E90FF"}}
        ],
        "layout": {"height": 400}
    },
    "Blueprint_Plot": {
        "type": "plot_widget",
        "title": "Blueprint",
        "show_title": true, "show_grid": true, "show_x_axis": true, "show_y_axis": true,
        "enable_zoom": true, "enable_hover": true, "enable_pan": true,
        "bg_color": "#3498DB",
        "datasets": [{"id": "blueprint_line", "initial_csv_data": "x,y\n0,0\n1,2\n2,1\n3,3", "style": {"line_color": "white", "grid_color": "white"}}],
        "layout": {"height": 400}
    },
    "Dense_Scatter": {
        "type": "plot_widget",
        "title": "Dense Scatter",
        "show_title": true, "show_grid": true, "show_x_axis": true, "show_y_axis": true,
        "enable_zoom": true, "enable_hover": true, "enable_pan": true,
        "bg_color": "match_theme",
        "datasets": [{"id": "dense_data", "initial_csv_data": "x,y\n0.1,0.2\n0.15,0.25\n0.2,0.3\n0.25,0.35\n0.3,0.4\n0.35,0.45\n0.4,0.5\n0.45,0.55\n0.5,0.6\n0.55,0.65\n0.6,0.7\n0.65,0.75\n0.7,0.8\n0.75,0.85\n0.8,0.9\n0.85,0.95\n0.9,1.0", "style": {"marker": ".", "line_style": "None"}}],
        "layout": {"height": 400}
    },
    "Many_Lines": {
        "type": "plot_widget",
        "title": "Many Lines",
        "show_title": true, "show_grid": true, "show_x_axis": true, "show_y_axis": true,
        "enable_zoom": true, "enable_hover": true, "enable_pan": true,
        "bg_color": "match_theme",
        "datasets": [
            {"id": "line1", "label": "L1", "initial_csv_data": "x,y\n0,1\n1,1\n2,1", "style": {"line_color": "red"}},
            {"id": "line2", "label": "L2", "initial_csv_data": "x,y\n0,2\n1,2\n2,2", "style": {"line_color": "green"}},
            {"id": "line3", "label": "L3", "initial_csv_data": "x,y\n0,3\n1,3\n2,3", "style": {"line_color": "blue"}},
            {"id": "line4", "label": "L4", "initial_csv_data": "x,y\n0,4\n1,4\n2,4", "style": {"line_color": "yellow"}},
            {"id": "line5", "label": "L5", "initial_csv_data": "x,y\n0,5\n1,5\n2,5", "style": {"line_color": "cyan"}}
        ],
        "layout": {"height": 400}
    },
    "Vintage_Plot": {
        "type": "plot_widget",
        "title": "Vintage Look",
        "show_title": true, "show_grid": true, "show_x_axis": true, "show_y_axis": true,
        "enable_zoom": true, "enable_hover": true, "enable_pan": true,
        "bg_color": "#f4a261",
        "datasets": [{"id": "vintage_data", "initial_csv_data": "x,y\n0,2\n1,3\n2,2.5", "style": {"line_color": "#2a9d8f", "grid_color": "#e9c46a"}}],
        "layout": {"height": 400}
    },
    "Comparison_Plot": {
        "type": "plot_widget",
        "title": "A vs B",
        "show_title": true, "show_grid": true, "show_x_axis": true, "show_y_axis": true,
        "enable_zoom": true, "enable_hover": true, "enable_pan": true,
        "bg_color": "match_theme",
        "datasets": [
            {"id": "A", "label": "Method A", "initial_csv_data": "x,y\n1,10\n2,12\n3,15\n4,14", "style": {"line_color": "blue"}},
            {"id": "B", "label": "Method B", "initial_csv_data": "x,y\n1,8\n2,11\n3,16\n4,13", "style": {"line_color": "red"}}
        ],
        "layout": {"height": 400}
    },
    "Histogram_Simulation": {
        "type": "plot_widget",
        "title": "Histogram (Line Sim)",
        "show_title": true, "show_grid": true, "show_x_axis": true, "show_y_axis": true,
        "enable_zoom": true, "enable_hover": true, "enable_pan": true,
        "bg_color": "match_theme",
        "datasets": [{"id": "hist_data", "initial_csv_data": "x,y\n0,0\n0,4\n1,4\n1,0\n1,0\n1,8\n2,8\n2,0\n2,0\n2,2\n3,2\n3,0", "style": {"line_color": "#2a9d8f"}}],
        "layout": {"height": 400}
    },
    "Ultra_Minimalist": {
        "type": "plot_widget",
        "title": "", "show_title": false, "show_grid": false, "show_x_axis": false, "show_y_axis": false,
        "enable_zoom": true, "enable_hover": false, "enable_pan": false,
        "bg_color": "white",
        "datasets": [{"id": "single_line", "initial_csv_data": "x,y\n-1,-1\n1,1", "style": {"line_color": "black"}}],
        "layout": {"height": 400}
    },
    "Funky_Plot": {
        "type": "plot_widget",
        "title": "Funky!",
        "show_title": true, "show_grid": true, "show_x_axis": true, "show_y_axis": true,
        "enable_zoom": true, "enable_hover": true, "enable_pan": true,
        "bg_color": "yellow",
        "datasets": [{"id": "funky_data", "initial_csv_data": "x,y\n0,0\n1,1\n0,1\n1,0", "style": {"line_color": "magenta", "line_width": 5, "line_style": "dotted"}}],
        "layout": {"height": 400}
    }
}