{
  "nab": {
    "type": "OcaBlock",
    "description": "Rigol Measurements",
    "fields": {
      "Measurements_CH3": {
        "type": "OcaBlock",
        "description": "Channel 3 Stats",
        "fields": {
          "Get_Stats_CH3": {
            "type": "OcaBlock",
            "fields": {
              "Execute Command": {
                "type": "_GuiActuator",
                "AES70": "OcaBooleanActuator",
                "active": true,
                "message": ":MEASure:VPP? CHANnel3;:MEASure:VRMS? CHANnel3;:MEASure:FREQuency? CHANnel3;:MEASure:PDUTy? CHANnel3",
                "layout": { "height": 30, "sticky": "" }
              },
              "Outputs": {
                "type": "OcaBlock",
                "fields": {
                  "Vpp": { "value": "Vpp", "type": "_GuiValue" },
                  "Vrms": { "value": "Vrms", "type": "_GuiValue" },
                  "Freq": { "value": "Freq", "type": "_GuiValue" },
                  "Duty": { "value": "Duty %", "type": "_GuiValue" }
                }
              }
            }
          }
        }
      }
    }
  },
  "rig": {
    "type": "OcaBlock",
    "description": "Scope Configuration",
    "fields": {
      "Config_CH3": {
        "type": "OcaBlock",
        "description": "Channel 3 Vertical",
        "fields": {
          "CH3_Scale": {
            "type": "OcaBlock",
            "fields": {
              "Execute Command": {
                "type": "_GuiActuator",
                "AES70": "OcaBooleanActuator",
                "active": true,
                "message": ":CHANnel3:SCALe <scale>",
                "layout": { "height": 30, "sticky": "" }
              },
              "Input": {
                "type": "OcaBlock",
                "fields": { "scale": { "value": "1.0", "type": "_GuiValue" } }
              }
            }
          },
          "CH3_Offset": {
            "type": "OcaBlock",
            "fields": {
              "Execute Command": {
                "type": "_GuiActuator",
                "AES70": "OcaBooleanActuator",
                "active": true,
                "message": ":CHANnel3:OFFSet <offset>",
                "layout": { "height": 30, "sticky": "" }
              },
              "Input": {
                "type": "OcaBlock",
                "fields": { "offset": { "value": "0.0", "type": "_GuiValue" } }
              }
            }
          },
          "CH3_Coupling": {
            "type": "OcaBlock",
            "fields": {
              "Execute Command": {
                "type": "_GuiActuator",
                "AES70": "OcaBooleanActuator",
                "active": true,
                "message": ":CHANnel3:COUPling <coupling>",
                "layout": { "height": 30, "sticky": "" }
              },
              "Input": {
                "type": "OcaBlock",
                "fields": { "coupling": { "value": "DC", "type": "_GuiValue" } }
              }
            }
          },
          "CH3_Probe": {
            "type": "OcaBlock",
            "fields": {
              "Execute Command": {
                "type": "_GuiActuator",
                "AES70": "OcaBooleanActuator",
                "active": true,
                "message": ":CHANnel3:PROBe <atten>",
                "layout": { "height": 30, "sticky": "" }
              },
              "Input": {
                "type": "OcaBlock",
                "fields": { "atten": { "value": "10", "type": "_GuiValue" } }
              }
            }
          },
          "CH3_BWLimit": {
            "type": "OcaBlock",
            "fields": {
              "Execute Command": {
                "type": "_GuiActuator",
                "AES70": "OcaBooleanActuator",
                "active": true,
                "message": ":CHANnel3:BWLimit <limit>",
                "layout": { "height": 30, "sticky": "" }
              },
              "Input": {
                "type": "OcaBlock",
                "fields": { "limit": { "value": "20M", "type": "_GuiValue" } }
              }
            }
          }
        }
      }
    }
  },
  "Do": {
    "type": "OcaBlock",
    "description": "Actions and Toggles",
    "fields": {
      "Run_Control": {
        "type": "OcaBlock",
        "fields": {
          "Run": {
            "type": "_GuiActuator",
            "AES70": "OcaBooleanActuator",
            "active": true,
            "label_inactive": "RUN",
            "Execute Command": { "message": ":RUN" }
          },
          "Stop": {
            "type": "_GuiActuator",
            "AES70": "OcaBooleanActuator",
            "active": true,
            "label_inactive": "STOP",
            "Execute Command": { "message": ":STOP" }
          },
          "Single": {
            "type": "_GuiActuator",
            "AES70": "OcaBooleanActuator",
            "active": true,
            "label_inactive": "SINGLE",
            "Execute Command": { "message": ":SINGle" }
          },
          "Auto_Scale": {
            "type": "_GuiActuator",
            "AES70": "OcaBooleanActuator",
            "active": true,
            "label_inactive": "AUTO",
            "Execute Command": { "message": ":AUToscale" }
          }
        }
      },
      "Channel_Display_Control": {
        "type": "OcaBlock",
        "fields": {
          "CH3_ON": {
            "type": "_GuiActuator",
            "AES70": "OcaBooleanActuator",
            "label_inactive": "CH3 ON",
            "Execute Command": { "message": ":CHANnel3:DISPlay ON" }
          },
          "CH3_OFF": {
            "type": "_GuiActuator",
            "AES70": "OcaBooleanActuator",
            "label_inactive": "CH3 OFF",
            "Execute Command": { "message": ":CHANnel3:DISPlay OFF" }
          }
        }
      }
    }
  }
}