{
  "rig": {
    "type": "OcaBlock",
    "description": "Scope Configuration",
    "fields": {

      "Horizontal_Settings": {
        "type": "OcaBlock",
        "description": "Timebase",
        "fields": {
          "Time_Scale": {
            "type": "_GuiActuator",
            "AES70": "OcaBooleanActuator",
            "active": true,
            "message": ":TIMebase:MAIN:SCALe <scale>",
            "layout": { "height": 30, "sticky": "" }
          },
          "Time_Offset": {
            "type": "_GuiActuator",
            "AES70": "OcaBooleanActuator",
            "active": true,
            "message": ":TIMebase:MAIN:OFFSet <offset>",
            "layout": { "height": 30, "sticky": "" }
          }
        }
      }
    }
  }
  
    
  
}