{
  "rig": {
    "type": "OcaBlock",
    "description": "Scope Configuration",
    "fields": {
      "Horizontal_Settings": {
        "type": "OcaBlock",
        "description": "Timebase",
        "fields": {
          "Time_Scale": {
            "type": "OcaBlock",
            "fields": {
              "Execute Command": {
                "type": "_GuiActuator",
                "AES70": "OcaBooleanActuator",
                "active": true,
                "message": ":TIMebase:MAIN:SCALe <scale>",
                "layout": { "height": 30, "sticky": "" }
              },
              "Input": {
                "type": "OcaBlock",
                "fields": { "scale": { "value": "0.001", "type": "_GuiValue" } }
              }
            }
          },
          "Time_Offset": {
            "type": "OcaBlock",
            "fields": {
              "Execute Command": {
                "type": "_GuiActuator",
                "AES70": "OcaBooleanActuator",
                "active": true,
                "message": ":TIMebase:MAIN:OFFSet <offset>",
                "layout": { "height": 30, "sticky": "" }
              },
              "Input": {
                "type": "OcaBlock",
                "fields": { "offset": { "value": "0.0", "type": "_GuiValue" } }
              }
            }
          }
        }
      }
    }
  }
}