{
      "top_graph": {
        "type": "plot_widget",
        "id": "top_graph_plot",
         "layout": {"height": 300},
        "plot_mode": "time_domain",
        "title": "Multiple Datasets Demo",
        "axis": {
          "x": { "label": "X-Axis", "scale": "linear", "min": 0, "max": 1, "color": "white" },
          "y": { "label": "Y-Axis", "scale": "linear", "min": -1.5, "max": 1.5, "color": "white" }
        },
        "style": { "background_color": "black", "grid_color": "darkgrey", "title_color": "white" },
        "datasets": [
          {
            "id": "linear_line", "label": "Linear", "style": { "line_color": "white", "line_width": 1 },
            "initial_csv_data": "x,y\n0,0\n1,1"
          }
          
        ]
      }
}